log(L),logg,age(Gyrs),Radius,Mbol,teff,Gaia_G,Gaia_BP,Gaia_RP,SDSS_u,SDSS_g,SDSS_r,SDSS_i,SDSS_z
-5.1676,7.8584,15.9112,0.0138,17.6591,2511.88643150958,26761.27781328438,29411.239793422446,22790.536596566966,324.90567510667256,21387.960797094223,39447.66443983219,16447.590560837212,10102.372854062414
-5.0874,7.8581,15.1956,0.0138,17.4584,2630.2679918953813,31378.114724675812,32484.286489890794,28165.310972875362,391.4509011717351,23887.42735924607,43541.29034767631,21097.076919665953,13162.651813552216
-5.0071,7.8578,14.4893,0.0138,17.2576,2754.2287033381663,36737.2671599709,35921.40641136339,34517.119860907886,479.7304630656377,26844.13284661835,47949.1922241279,26635.587860060597,16899.092892330304
-4.9267,7.8575,13.794,0.0138,17.0568,2884.031503126606,42814.10270505646,39663.709810047825,41855.69432507889,595.6584364878266,30189.045321135833,52599.4611667877,32983.92135686738,21449.80721544928
-4.8463,7.8571,13.1108,0.0138,16.8558,3019.9517204020162,49630.293846971595,43961.58397242775,50058.12179498424,746.3066255405864,34170.34623750503,57748.57807873972,39963.386781171874,26704.434964669297
-4.7658,7.8566,12.4263,0.0138,16.6546,3162.2776601683795,57240.95179511911,48909.51227055919,59139.07816425544,952.000764636634,38934.03181188453,63471.87023354004,47514.0758136649,32741.863471314377
-4.6853,7.856,11.7511,0.0138,16.4532,3311.311214825911,65745.62322297596,54882.42998430391,68997.68993141777,1255.0970164769553,44883.77528789748,70129.58924851444,55496.07728658298,39411.538914524004
-4.6046,7.8554,11.0438,0.0138,16.2516,3467.368504525317,75014.7811424802,62074.514572674096,79234.54176743753,1669.234288629215,52269.624405323106,77893.51376252418,63635.914009878026,46300.25609950909
-4.5239,7.8546,10.2918,0.0138,16.0497,3630.780547701014,85346.72222938306,70917.48606694459,90031.51341774093,2316.953390005751,61666.51128544819,87084.58673841677,72134.37716932467,53410.10026142373
-4.4429,7.8537,9.4433,0.0139,15.8473,3801.8939632056126,96080.53636600821,81358.30730425932,100268.17790790855,3305.2618390845005,73305.73485261697,97308.29599627126,80247.3793710459,59718.92281783067
-4.3618,7.8525,8.5551,0.0139,15.6444,3981.0717055349733,110031.09091364987,95438.12628009089,113199.13882789844,4862.793970123362,89235.5596447988,110945.5449047828,90571.35364807973,67395.66540708212
-4.2802,7.851,7.5638,0.0139,15.4406,4168.693834703355,129788.2626031474,116950.45191181153,130377.64223232897,8007.295750010424,114197.85635044203,130903.08072283636,104508.3181263973,76847.89316296876
-4.1982,7.849,6.5314,0.0139,15.2356,4365.158322401661,153601.48656103102,144132.4949282249,150204.5618995329,13274.123976163024,146304.59009024105,155177.89899764778,120756.59499402631,87271.40453860855
-4.1156,7.8463,5.4395,0.014,15.029,4570.881896148751,183437.84848885398,180125.59709978595,173818.76187511126,22714.30215503085,189579.54684781865,185781.8985280737,140244.03154002517,99175.75028213373
-4.0322,7.8429,4.3451,0.014,14.8205,4786.300923226385,222786.53962937024,228715.41353857634,204633.4621666516,41371.32198761415,247326.97219136555,225841.3164421941,165715.97934415963,114647.7390964664
-3.9481,7.8389,3.3567,0.0141,14.6103,5011.872336272725,271410.5930702333,291335.4139565446,240876.5366030637,66447.28562614953,323124.0822088765,275740.9342573903,195786.2705640791,132161.0074948021
-3.8638,7.8345,2.7745,0.0142,14.3994,5248.074602497728,330863.0969943722,370693.367860566,283541.1096615929,101948.01665869994,420524.0742516563,336606.71791074815,231272.38034888514,152336.81709575615
-3.7796,7.8303,2.3934,0.0142,14.1889,5495.408738576249,406900.600307973,474913.8290965925,336400.0368307467,151795.45953069313,550491.81169176,413849.8282158741,275197.0476043151,177061.80095611542
-3.6958,7.8265,2.0955,0.0143,13.9794,5754.399373371566,488014.7453696797,593033.7770391102,388508.61051488767,215478.22782110563,702256.0304150769,495070.8927199996,318616.58920426754,200460.81471963992
-3.6125,7.8232,1.8404,0.0144,13.7712,6025.595860743575,581112.2561205222,732396.9391780371,446136.4829394522,297543.5126832751,883329.1612781192,587130.2868504742,366754.51999278757,225910.58585937636
-3.5296,7.8204,1.6185,0.0144,13.564,6309.57344480193,695889.1018244323,907708.7473283126,515403.94600861066,407371.3533343202,1112865.2154845947,699221.0332758036,424634.6943998713,256387.34309078765
-3.4469,7.8177,1.4259,0.0144,13.3574,6606.934480075957,827599.1484903051,1113746.931810276,592253.6409090824,544390.4347753815,1385232.1672972904,826446.0034570321,489075.01275315456,289718.73604611936
-3.3643,7.8151,1.2587,0.0145,13.1508,6918.309709189362,965804.0336217864,1336150.874821392,668985.521973083,700711.8555917952,1682486.3431911867,958083.7265593017,553763.6629258513,322111.0040441467
-3.2817,7.8125,1.1128,0.0145,12.9443,7244.359600749898,1137860.4827227017,1613375.658636244,764217.0433482367,895404.8976441665,2053957.9478212295,1121097.7050902878,634285.0198841706,362481.26230393647
-3.1991,7.8098,0.9854,0.0146,12.7376,7585.775750291836,1317890.4404762082,1910230.5802362955,859423.0785977589,1107668.3802951325,2456415.5650767353,1289655.624259672,715409.5735530691,401860.99430379935
-3.1164,7.8071,0.8738,0.0146,12.5309,7943.282347242814,1543402.885197805,2282053.350479133,977793.1982136731,1368137.53645918,2963069.516869575,1499801.406224036,816798.1539817163,450978.5173350355
-3.0336,7.8044,0.7757,0.0147,12.324,8317.63771102671,1779222.8598358063,2679148.8020047015,1095564.7591912663,1645132.1911505987,3510854.91458,1716582.9656676273,918725.5399107042,498501.99022516405
-2.9508,7.8015,0.6889,0.0147,12.1169,8709.635899560806,2074867.412765686,3177728.8387387027,1241761.1089700926,1983721.9576123063,4203517.721601881,1987306.2506995592,1045841.3038770467,557528.2737757054
-2.8678,7.7985,0.6118,0.0148,11.9095,9120.108393559096,2380902.376733326,3704657.5930512385,1384552.0680510504,2338148.223787095,4946341.776202638,2263685.23026268,1171377.9060572914,613392.0391589612
-2.7847,7.7954,0.5428,0.0148,11.7017,9549.92586021436,2760969.3694855566,4362225.117142243,1559370.4232468756,2773780.1712431572,5875490.405371109,2605769.744759854,1325369.6713103245,681613.4243249673
-2.7015,7.7923,0.4812,0.0149,11.4938,10000.0,3140309.7133288737,5035689.781598693,1722424.4694342185,3228664.608801262,6840927.93419182,2942028.877322482,1470306.6526992994,742966.1529437781
-2.6183,7.7891,0.426,0.0149,11.2858,10471.285480508985,3582056.918973807,5826650.492202977,1909590.2413632972,3779400.6478896537,7975446.6703496715,3330940.930818365,1635640.7513328556,813596.4205169422
-2.5347,7.7854,0.3761,0.015,11.0767,10964.78196143185,3990639.539278089,6580955.993651912,2071334.3403017218,4340032.20210751,9067864.754523356,3683977.337578026,1778107.2019405009,872406.8118071589
-2.4509,7.7816,0.3314,0.0151,10.8672,11481.536214968817,4400186.910300574,7351189.365305586,2226992.8816245357,4943124.801227145,10189987.648947772,4031861.206306301,1914373.0180593473,928341.2993369997
-2.367,7.7778,0.2912,0.0151,10.6576,12022.644346174131,4843408.780450289,8187618.719064039,2395735.282429362,5603786.432665765,11411261.496070487,4405808.0635735495,2060566.1659547824,989891.6740819393
-2.2831,7.7739,0.2549,0.0152,10.4478,12589.254117941662,5145384.613100399,8777772.66599789,2501183.456923446,6100821.158387559,12289108.434815545,4652563.316566922,2149875.3649458895,1026914.7459500694
-2.199,7.7698,0.222,0.0153,10.2376,13182.567385564074,5492905.88232317,9460817.025248215,2623311.4921668125,6712628.436260177,13300399.641701428,4933062.3699953435,2252358.918369955,1070233.9027658333
-2.1147,7.7654,0.1921,0.0154,10.0267,13803.842646028837,5930121.310474384,10320721.599457512,2783500.359717784,7548732.370143433,14552114.74479117,5287106.107043275,2386816.4230174655,1127353.5178259339
-2.03,7.7608,0.1646,0.0155,9.8151,14454.39770745928,6418028.229608446,11282571.865559712,2967080.4846930727,8558784.148628058,15930307.384819148,5682194.189451172,2540253.5254991828,1193323.435327734
-1.9451,7.7559,0.1399,0.0155,9.6029,15135.612484362071,7029454.480766437,12476366.056995207,3206042.883440189,9833136.630102567,17622363.523391366,6184093.848051645,2740798.2149701174,1281144.6569517588
-1.86,7.7507,0.1179,0.0156,9.3899,15848.93192461114,7593741.735689614,13601359.137844048,3420294.6945674084,11131309.885956114,19204294.419659473,6640033.513225145,2919384.261559318,1358352.1338256497
-1.7745,7.7453,0.0989,0.0157,9.1763,16595.869074375598,8199468.7407177845,14815359.696281454,3649500.425506542,12578711.75331737,20901056.89126844,7127548.20503764,3110721.6678035706,1441127.0209180745
-1.6888,7.7396,0.0826,0.0158,8.9621,17378.00828749376,8853415.476432875,16133081.61768399,3895458.208924152,14189310.623001652,22732823.40809654,7651477.299558428,3316395.255823101,1529633.5202319399
-1.6029,7.7337,0.0689,0.016,8.7473,18197.008586099826,9442023.000611799,17347286.03490341,4108778.770601487,15786123.812077757,24409989.178393308,8115205.142168399,3494141.5438908143,1604654.7303912244
-1.5167,7.7275,0.0575,0.0161,8.5318,19054.607179632483,10202186.709928494,18896429.55362172,4391986.245746828,17767393.378808454,26545798.90588108,8721028.705148079,3730857.891378935,1706278.0894048607
-1.4303,7.721,0.0478,0.0162,8.3157,19952.62314968879,11030494.69921739,20591191.41193728,4698104.735704043,19974938.043067552,28876032.577723686,9377982.952751333,3987222.1203147895,1815981.989386795
-1.3435,7.7143,0.0397,0.0163,8.0988,20892.96130854041,11934653.387999164,22449997.4504951,5030110.37279893,22437799.410674125,31427681.514178827,10091698.318359116,4265061.033066513,1934667.5940352406
-1.2564,7.7071,0.033,0.0165,7.8809,21877.616239495517,12769595.220538532,24202688.786187645,5326780.914318668,24883277.426171757,33818914.50116923,10741169.73798435,4512451.744809262,2038795.5528263452
-1.1688,7.6995,0.0274,0.0166,7.662,22908.676527677748,13851246.025338653,26444498.097010978,5717636.576732257,27934396.54569331,36886833.559974015,11587861.397161733,4840433.779327501,2178137.990573539
-1.0808,7.6915,0.0229,0.0168,7.442,23988.329190194898,14870530.288297381,28597820.860876393,6075389.971743662,31001085.905189842,39813374.471472904,12374307.517009653,5139512.133166011,2303578.426293338
-0.9924,7.6831,0.0193,0.0169,7.221,25118.864315095823,16196143.279766742,31371703.055242896,6549065.201394945,34867600.45366464,43590730.09013758,13404359.248923317,5536139.8176670065,2471315.293680636
-0.9033,7.6741,0.0163,0.0171,6.9983,26302.679918953814,17498176.730256334,34138095.111598335,7001651.697500649,38883311.91842833,47342951.692651846,14403473.809085015,5915456.135747664,2629719.006301587
-0.8136,7.6644,0.0138,0.0173,6.774,27542.28703338169,19007841.990386385,37350747.56894444,7526282.527607106,43593653.080863744,51683908.141916804,15561349.676178018,6354015.250479703,2813515.808981386
-0.7233,7.6541,0.0118,0.0175,6.5483,28840.31503126606,20781118.649894167,41129687.27903561,8145478.957111836,49194819.63471818,56776871.01900492,16922455.107470017,6870437.002104956,3030438.4569766745
-0.6324,7.6431,0.0101,0.0178,6.3209,30199.51720402019,22606067.223479006,45051732.85637537,8778750.75596807,55217337.961830385,62030823.6183461,18315528.859967533,7396401.099696895,3251034.3739057872
-0.5405,7.6312,0.0087,0.018,6.0912,31622.776601683792,24952841.5666676,50050278.0630235,9612751.450373795,62749527.477726676,68710410.31210367,20124006.912135612,8088638.922495955,3545165.8390465626
-0.4481,7.6189,0.0074,0.0183,5.8603,33113.112148259075,27144562.09592743,54758220.388812914,10385096.680665664,70018578.65611552,74973083.46827115,21807068.539775413,8728875.10728887,3817327.197567949
-0.3553,7.6061,0.0064,0.0186,5.6283,34673.685045253165,29341285.072928343,59468312.69934542,11159553.921969526,77305355.48177633,81242197.82618651,23491653.131379638,9369460.198972166,4089928.1406564866
-0.2611,7.5918,0.0055,0.0189,5.3927,36307.8054770101,31586493.106641036,64284740.70215576,11952785.20271401,84713351.04375014,87660500.07754017,25214819.271822628,10027134.73858767,4370568.765201885
-0.165,7.5757,0.0047,0.0193,5.1524,38018.93963205613,33597766.02398248,68611495.69305517,12656630.616909083,91445186.92328565,93422811.76133454,26748833.657500286,10608789.717171542,4618563.807965621
-0.0673,7.558,0.004,0.0197,4.9082,39810.71705534969,35708578.913920835,73144058.23035005,13399860.314141756,98442586.89999922,99456941.54451418,28361357.594315395,11222458.466672983,4880778.6663339995
0.0322,7.5386,0.0034,0.0201,4.6596,41686.93834703355,37986816.99337023,78018822.24051276,14204979.411523318,105896926.40843214,105968170.71517621,30106991.030956756,11890177.673385045,5165941.111607213
0.134,7.5168,0.0028,0.0207,4.4051,43651.58322401656,39767137.27158449,81871135.51825294,14822860.878998956,111957909.10186112,111087926.68262658,31460004.261566486,12399374.24149001,5382708.67146645
0.238,7.4927,0.0024,0.0213,4.145,45708.818961487515,41820171.787445635,86288376.51088677,15543668.180612952,118805422.50722282,116973731.78377603,33026325.823947582,12996345.618318822,5637705.156124325
0.3439,7.4669,0.002,0.022,3.8804,47863.0092322638,43762251.50202582,90478656.49414691,16220616.697802301,125334348.64421457,122552504.37840079,34502781.38229624,13556110.413321882,5876736.311210629
0.4519,7.4389,0.0016,0.0228,3.6104,50118.72336272725,45527659.5843502,94293511.85108085,16834608.82579746,131294270.95742697,127625618.03370498,35841796.857505284,14064061.768005487,6092448.574152558
0.5629,7.4079,0.0013,0.0237,3.3328,52480.74602497723,47481926.05259628,98513287.63526328,17515237.534597106,137879207.33350468,133263391.03384288,37325254.36183735,14625939.31327274,6332349.459700978
0.6766,7.3742,0.0011,0.0247,3.0485,54954.08738576248,49530317.603862435,102924223.28928252,18230509.94429618,144770996.40168536,139140527.55868176,38885309.6365,15216212.075260667,6584270.423045544
0.7928,7.338,0.0009,0.0258,2.7581,57543.993733715666,51711318.04250561,107624734.45066594,18992988.772566646,152053372.83882153,145414642.6146122,40545256.86217828,15848240.284981554,6853338.0437763035
0.9115,7.2992,0.0007,0.0271,2.4612,60255.95860743581,53699029.5997476,111926499.92793418,19681316.33221755,158802336.58531916,151143324.45027497,42049504.86080934,16416549.38079995,7095172.91919965
1.0305,7.2603,0.0006,0.0284,2.1639,63095.7344480193,55896979.327459805,116668825.19580734,20445420.32347302,166202973.70327118,157460226.60134143,43718251.88306619,17049191.11308858,7365205.790629423
1.1499,7.2209,0.0004,0.0297,1.8653,66069.34480075965,58381079.44961338,122022131.26178356,21312766.397544872,174486797.34673977,164609408.20276368,45606481.636592515,17767550.58124272,7671294.708796898
1.2714,7.1793,0.0003,0.0312,1.5614,69183.09709189362,60712180.54314687,127058088.32398467,22125013.043575753,182375410.30503207,171308283.75989532,47379478.915185854,18437892.183024604,7956322.49225587
1.396,7.1347,0.0003,0.0329,1.25,72443.59600749906,63170341.31645286,132360899.20895246,22976344.143231727,190653013.4550386,178375727.05291447,49238824.02945876,19143822.691055372,8256381.843639635
1.5251,7.0857,0.0002,0.0349,0.9273,75857.75750291836,65713434.39756563,137854405.88825262,23859529.181914855,199243708.26189816,185710602.19978294,51164485.83069766,19874197.67780845,8568222.033643777
1.6605,7.0302,0.0001,0.0373,0.5886,79432.82347242821,68531045.23515804,143937462.18452427,24839054.46842458,208707380.08540034,193816117.0484105,53304245.9842987,20686298.895506803,8913410.383899208
-5.2756,8.046,17.6108,0.0122,17.929,2511.88643150958,26822.876994178318,30093.44058381392,22382.73031896759,345.04505575184197,22243.74413538214,39948.43834844398,16027.315928216667,9765.666854074589
-5.1954,8.0458,17.0315,0.0122,17.7285,2630.2679918953813,31525.744971360582,33216.345064457026,27863.332793113477,421.0326820850017,24792.93209062056,44122.46900332341,20780.729907927504,12848.780343142224
-5.1152,8.0456,16.4485,0.0122,17.528,2754.2287033381663,36859.153577767305,36632.945806125535,34184.80147279143,509.51363275455805,27680.11504676644,48553.41782851298,26279.723878049404,16567.687896268082
-5.035,8.0454,15.8578,0.0122,17.3274,2884.031503126606,43090.87947134127,40688.515345492,41532.977049092944,623.9011823487645,31241.213215553027,53631.48307222034,32642.303450108448,20992.39089505443
-4.9547,8.0451,15.2625,0.0122,17.1269,3019.9517204020162,49978.74632262859,45064.21844908689,49786.66802740281,777.8140946351197,35250.7117949529,58914.17584508505,39699.11248487261,26212.10534423146
-4.8745,8.0449,14.6623,0.0122,16.9263,3162.2776601683795,57802.33171674759,50191.69282662017,59084.43162398573,991.4613952665109,40165.011055986295,64866.401621357596,47483.289480305975,32292.517580101692
-4.7942,8.0446,14.0496,0.0122,16.7255,3311.311214825911,66378.1826785546,56165.78633297023,69054.67125612695,1295.0180112036924,46085.88065579971,71571.44848381392,55608.45099999807,38985.39193264795
-4.7139,8.0443,13.4198,0.0122,16.5247,3467.368504525317,76009.05935666391,63578.729260134314,79732.0741711518,1716.9427280073894,53674.48558313798,79590.23860461924,64147.65691379933,46138.333582053514
-4.6335,8.0439,12.7699,0.0122,16.3237,3630.780547701014,86525.74712548821,72508.98795134094,90763.8819098066,2352.2084655582107,63149.20548760611,88899.59995827267,72855.24076820236,53404.99818965427
-4.553,8.0434,12.0477,0.0122,16.1224,3801.8939632056126,98624.62343046325,83843.97184746627,102639.15361434704,3339.4566381910477,75552.33496086652,100281.26567978776,82250.92632713754,60855.790012039484
-4.4724,8.0428,11.2478,0.0122,15.921,3981.0717055349733,112861.38045191209,98326.78596229563,115737.22417377277,4912.1973746037675,91928.0167653942,114261.46990069185,92713.03492402907,68583.85691812649
-4.3916,8.042,10.3028,0.0122,15.719,4168.693834703355,131046.47939860188,118095.09054520965,131556.7275934899,7643.2102905441425,114912.66344633553,132611.07837093412,105531.1808557277,77343.1586936163
-4.3106,8.041,9.1829,0.0122,15.5164,4365.158322401661,156136.83008183498,146795.19611098143,152388.80453183156,13007.559125861617,148979.97286798008,158146.58078881382,122580.33326783213,88320.57843004563
-4.2292,8.0396,7.9822,0.0122,15.313,4570.881896148751,187596.77063613164,184311.24955845636,177546.88701808915,22118.506996383207,194020.6212461893,190379.33552443664,143304.81993452527,101125.78471787252
-4.1474,8.0378,6.6436,0.0123,15.1084,4786.300923226385,224127.3191616182,230431.20024816832,205221.33127573525,37731.602204821844,250217.29760422852,227766.1837247714,166237.97357438333,114680.96616870303
-4.0651,8.0355,5.2883,0.0123,14.9027,5011.872336272725,273007.63730374066,293076.6926747231,242093.14958896145,65058.67994870139,325504.7491209592,277567.9035045185,196811.39345911785,132742.91278282442
-3.9824,8.0328,4.1416,0.0123,14.6961,5248.074602497728,336182.26312654524,376756.95823998074,287860.781803244,101987.10101426743,427993.6536839766,342112.7383398437,234795.7525319145,154557.94799433622
-3.8998,8.0302,3.4033,0.0124,14.4895,5495.408738576249,405342.04013202206,473138.3320224398,334926.3781814814,149965.75547562077,548787.4636018996,412340.59921184875,274016.73596582736,176188.75864333776
-3.8174,8.0278,2.9244,0.0124,14.2835,5754.399373371566,490932.3478850765,596359.4897721551,390831.3143062103,215512.3187855502,706259.3036249771,498168.3104801947,320550.96511066525,201584.9919753061
-3.7353,8.0257,2.5177,0.0124,14.0783,6025.595860743575,591046.4987792373,744368.7537027915,453972.29871478217,301073.20078245987,897520.0968337057,597387.4542119072,373230.46749896946,229814.90690576524
-3.6535,8.0239,2.1859,0.0125,13.8738,6309.57344480193,694520.3786123957,905256.1392946481,514769.369972147,405075.0030953928,1109449.4678304559,698231.5069823168,424150.939296281,256024.5078709739
-3.5719,8.0223,1.9205,0.0125,13.6698,6606.934480075957,823540.5599238022,1107774.7932449658,589620.6665916,541421.4330023353,1376916.2524935845,822620.3369722357,486855.89517234557,288377.61121295067
-3.4904,8.0208,1.6926,0.0125,13.466,6918.309709189362,971236.4957174521,1343542.716175165,672934.3499250865,706733.1194025209,1690703.7899008335,963650.2580004734,556981.0673709963,323982.4908274529
-3.4089,8.0193,1.4951,0.0125,13.2622,7244.359600749898,1140052.8728823152,1616930.9677823465,765760.0361307388,903099.1717785364,2056589.083336315,1123257.797310666,635507.1382871728,363213.13026787975
-3.3274,8.0177,1.323,0.0126,13.0584,7585.775750291836,1312332.6354185068,1903050.9450511807,855877.5468312543,1114434.0676628689,2444479.8514713976,1284098.615715269,712392.5496608643,400276.8521862607
-3.2458,8.0162,1.1726,0.0126,12.8545,7943.282347242814,1530819.3003427773,2264698.6155116907,970267.8321545803,1374973.6637643056,2935935.173414006,1487436.3062183142,810287.928410875,447631.3303391629
-3.1642,8.0146,1.0404,0.0126,12.6505,8317.63771102671,1781410.1771810297,2684172.450529004,1098023.4954024802,1673918.772103874,3510641.334709831,1718693.275612536,920448.2341482838,499896.9370811269
-3.0826,8.013,0.9239,0.0126,12.4465,8709.635899560806,2069397.5429753135,3171103.4826336624,1240428.206399124,2016017.8811034486,4183949.7695080526,1982249.777590934,1044141.5276286083,557391.6722199902
-3.0009,8.0113,0.8205,0.0127,12.2422,9120.108393559096,2360356.365132913,3674718.3911499805,1375641.5395834672,2367816.4209621563,4890126.685654336,2244564.1706644706,1163410.6021512912,610230.8003378873
-2.9191,8.0095,0.7284,0.0127,12.0378,9549.92586021436,2726324.6950948057,4308281.40947436,1544775.174800267,2803548.206388046,5780961.942047408,2574020.6465768027,1312601.8656564879,676478.6959758198
-2.8374,8.0077,0.6462,0.0127,11.8334,10000.0,3134855.8641284863,5026944.181579623,1726256.3197730966,3301475.1148960926,6798922.805972139,2938542.8372460743,1473306.2025090456,746266.8051700664
-2.7555,8.0059,0.5724,0.0127,11.6287,10471.285480508985,3569912.548674735,5805291.916344479,1912252.6944217472,3860361.9658857416,7908973.316011097,3322706.8448576285,1637921.2493300675,816533.7196704806
-2.6734,8.0038,0.5061,0.0128,11.4234,10964.78196143185,3961002.167428546,6529073.618748948,2066582.6747293673,4415862.385418499,8950094.33595229,3660323.994108559,1774681.8994565243,872411.992123952
-2.5912,8.0016,0.4465,0.0128,11.2179,11481.536214968817,4420232.160287426,7380598.243608446,2249742.352201082,5095837.033959481,10172497.994368134,4055827.9965183795,1935176.2252003222,939899.9505106856
-2.5089,7.9993,0.3932,0.0128,11.0122,12022.644346174131,4878935.537204354,8246915.895689012,2426458.031904017,5813738.998755926,11422143.522538843,4445079.459329922,2088721.4167924167,1004249.5059167172
-2.4266,7.997,0.3456,0.0129,10.8065,12589.254117941662,5200027.001490965,8878346.372525444,2536374.0595343984,6365844.846064126,12351170.917503977,4707605.346713312,2183338.3266839804,1042034.6139078225
-2.3442,7.9946,0.303,0.0129,10.6006,13182.567385564074,5556043.006666292,9566037.614617284,2667923.07227222,6974226.526978335,13358205.848041335,5001727.7334187785,2294462.893094163,1089738.1256827286
-2.2617,7.9921,0.2646,0.0129,10.3943,13803.842646028837,6002962.062947082,10436913.50316676,2833304.835689135,7784953.976184345,14625412.758738315,5367351.622391873,2433778.4343697163,1149534.858708116
-2.1791,7.9895,0.2298,0.013,10.1877,14454.39770745928,6437812.36562263,11304849.895659858,2988863.068911357,8700591.234475577,15878184.630323814,5716007.150661973,2564092.8904718636,1204078.665533812
-2.0963,7.9867,0.198,0.013,9.9807,15135.612484362071,7018080.00391707,12444710.560133308,3211781.696774634,9924502.955340289,17495277.990616504,6189460.039983778,2751273.4328328855,1285212.264912844
-2.0132,7.9836,0.1689,0.0131,9.7731,15848.93192461114,7527355.513256644,13472522.374256395,3400400.975767806,11143275.776991265,18940217.45491616,6597157.8676678585,2908558.93258148,1352193.9071535668
-1.93,7.9804,0.1425,0.0131,9.565,16595.869074375598,8191480.995798422,14792749.858770369,3655696.4931225246,12682733.847494915,20784757.452787258,7136362.07748488,3122610.874463135,1445037.0247052964
-1.8466,7.977,0.1186,0.0132,9.3564,17378.00828749376,8777223.494301775,15986877.324726932,3871193.3318698285,14190823.797319688,22441903.459136672,7601715.392349808,3302422.2122214185,1521786.417756854
-1.7629,7.9733,0.0975,0.0132,9.1473,18197.008586099826,9548104.354877526,17535721.619667057,4164135.577849283,16094874.98096966,24588933.350767873,8222267.571559433,3548073.408798809,1628072.3612421057
-1.679,7.9694,0.0791,0.0133,8.9376,19054.607179632483,10232970.86003886,18948211.46568806,4414173.930051672,17961069.28126663,26527985.42501131,8763471.650955267,3756965.242207769,1716952.514446523
-1.595,7.9653,0.0636,0.0133,8.7274,19952.62314968879,11138885.440624097,20789700.023091774,4753455.597821969,20320396.979357366,29060579.493391488,9485848.54175339,4040891.3847132777,1839239.4945356117
-1.5107,7.9611,0.0507,0.0134,8.5167,20892.96130854041,11949106.243755413,22473044.31049504,5045487.408775783,22624858.58071663,31361581.523369562,10120684.146546718,4285197.692537923,1942548.9409102015
-1.4262,7.9566,0.0402,0.0135,8.3056,21877.616239495517,12826775.168176407,24308825.039116256,5359511.244770344,25170273.40745103,33867256.361386426,10805178.133754661,4548130.548920592,2053591.362666577
-1.3415,7.9519,0.0318,0.0136,8.0939,22908.676527677748,13783109.378790563,26314413.091179516,5698950.787501058,27989661.952345185,36597358.09123162,11547863.754514648,4832174.869278178,2173020.1290880656
-1.2566,7.947,0.0252,0.0136,7.8816,23988.329190194898,15048984.767412243,28941010.31858943,6157932.253473624,31587674.438668143,40179981.77786572,12540118.812882112,5217021.690590297,2336811.866174285
-1.1715,7.9419,0.0201,0.0137,7.6687,25118.864315095823,16221980.87420009,31424644.29777833,6568581.444286292,35158823.62975351,43543809.155639395,13443066.088840459,5560826.239739522,2480963.8241895535
-1.086,7.9364,0.0162,0.0138,7.455,26302.679918953814,17538273.82936245,34222626.069575965,7027397.998894276,39231715.32855184,47329223.50596779,14455106.482853744,5945416.530678613,2641577.7217416666
-1.0002,7.9306,0.0133,0.0139,7.2406,27542.28703338169,19040371.548579626,37418114.90637703,7548195.203959553,43946659.569753185,51648528.37933457,15605218.988892887,6381324.9245131565,2824307.4103500014
-0.9142,7.9246,0.0111,0.014,7.0255,28840.31503126606,20778249.075273395,41131583.878704965,8154862.675218959,49487942.56816629,56643682.63461362,16938829.503138706,6887226.84743925,3036725.2087273183
-0.8279,7.9183,0.0093,0.0141,6.8097,30199.51720402019,22785931.845231753,45418551.504386745,8859199.836034091,55959940.583122306,62380568.29013489,18479969.18555163,7473813.111929056,3284152.691237259
-0.7411,7.9115,0.0079,0.0142,6.5927,31622.776601683792,25015450.622898277,50180480.55816061,9647527.710712135,63203158.36684596,68743377.07962625,20194949.86106847,8129124.413764896,3562253.9545545112
-0.6539,7.9043,0.0068,0.0143,6.3748,33113.112148259075,27349723.773778036,55167007.92355289,10476124.439673105,70814695.994602,75386829.22892775,21992135.015946075,8815123.155645093,3854335.287384271
-0.5664,7.8968,0.0058,0.0145,6.156,34673.685045253165,29282558.18246508,59349286.246439576,11150561.027897205,77406862.64276677,80945283.3626014,23466237.59408565,9372262.732028695,4090774.702198522
-0.4784,7.8888,0.0051,0.0146,5.9361,36307.8054770101,31581976.62568139,64269629.048784696,11965394.223467702,84927777.37981756,87494718.98543423,25232120.87355462,10046961.719798192,4378807.512004333
-0.3899,7.8803,0.0044,0.0147,5.7148,38018.93963205613,33883662.70039474,69182592.96203066,12779623.343059983,92444440.96627745,94061712.8017798,26996334.36790051,10720765.327579582,4666882.821512916
-0.3008,7.8712,0.0038,0.0149,5.492,39810.71705534969,35711860.99853034,73137307.49341495,13414675.964323241,98660413.92310774,99310464.99625817,28387485.879818764,11246254.889127828,4890677.540459337
-0.2112,7.8616,0.0033,0.0151,5.268,41686.93834703355,37534542.33044711,77075723.52771454,14051375.14766107,104838687.53542192,104542686.82767574,29773204.021543246,11771357.905449156,5113846.306619249
-0.1207,7.8511,0.0029,0.0152,5.0418,43651.58322401656,39929865.1447689,82198582.62575746,14899975.268344078,112623311.8171424,111388505.3078629,31612023.210617494,12474216.669934975,5415198.616582876
-0.029,7.8394,0.0025,0.0154,4.8126,45708.818961487515,41935669.18908314,86510747.21706314,15602395.473942807,119331205.6063133,117134845.89592987,33141947.602512535,13056266.838880425,5663176.854518528
0.064,7.8264,0.0021,0.0157,4.5799,47863.0092322638,43553766.105469264,90022734.33919661,16159704.638338825,124932711.30486403,121811487.71473211,34363719.32912375,13516403.692126941,5858443.707142051
0.158,7.8124,0.0018,0.0159,4.3449,50118.72336272725,45703637.948030464,94631833.83126691,16916810.125165973,131996137.01237664,127965619.51610008,36010173.95989849,14143152.052190455,6126709.90612482
0.2533,7.7971,0.0015,0.0162,4.1068,52480.74602497723,47607457.70573073,98746446.43839894,17579345.20120179,138422102.32397303,133431240.33511646,37451519.16886201,14690292.055816026,6359625.425206773
0.3496,7.7808,0.0013,0.0165,3.866,54954.08738576248,49684066.10179587,103215190.00975467,18303950.600131866,145380976.48816216,139405421.46528184,39034765.94070754,15290179.035887582,6615058.32325085
0.447,7.7634,0.0011,0.0169,3.6226,57543.993733715666,51358414.745271936,106870562.58564077,18880753.148847535,151196612.3960356,144249442.3710906,40298238.1240786,15767652.857092088,6817233.301303883
0.5453,7.7451,0.0009,0.0173,3.3767,60255.95860743581,53241810.22386489,110953063.6607123,19531721.233274266,157609816.6266569,149677095.11883944,41726048.81235739,16305279.691882974,7045784.563420352
0.645,7.7254,0.0007,0.0177,3.1275,63095.7344480193,55401112.60355783,115601900.00522046,20280851.763296477,164880363.90004852,155876634.14502087,43362362.458254695,16925984.015071284,7309287.310760025
0.7458,7.7046,0.0006,0.0181,2.8755,66069.34480075965,57829291.241694264,120846577.45537935,21128836.07440701,172980966.87777853,162858489.51078784,45208731.17131157,17628822.677959982,7608594.102240106
0.8475,7.6829,0.0005,0.0186,2.6212,69183.09709189362,59896180.77825904,125315738.09422794,21841719.98189136,180040239.3263987,168819132.30582157,46772822.6562061,18218581.958228394,7858789.886718628
0.95,7.6604,0.0004,0.0191,2.365,72443.59600749906,62224051.44238663,130342116.95780253,22648841.31311607,187918153.1264884,175525742.0385715,48536978.073431656,18884858.04403115,8142444.959289172
1.0531,7.6373,0.0003,0.0196,2.1073,75857.75750291836,64820574.61883478,135956307.89036426,23550524.330113016,196627078.86727375,183001820.23590335,50506505.989959575,19633074.58286006,8460371.299880613
1.1566,7.6138,0.0002,0.0201,1.8484,79432.82347242821,67694425.1294055,142141007.6884279,24549384.533754446,206235467.34579095,191273778.5755744,52692323.95081662,20462012.43583235,8812709.435224907
-5.3683,8.2041,17.944,0.011,18.1608,2511.88643150958,26828.701225115907,30462.541546688415,22112.984073395062,366.716203359663,22844.52760691305,40089.81920666491,15768.670880815405,9580.67693318793
-5.2882,8.204,17.5028,0.011,17.9605,2630.2679918953813,31698.568427271235,33984.91081104714,27568.132860363483,444.27318333732654,25702.903273979075,44774.845682091116,20464.21494716695,12542.849051026958
-5.2081,8.2039,17.0523,0.011,17.7603,2754.2287033381663,37098.78179625595,37484.01771978208,33934.960899402235,539.0264787623461,28624.781605075834,49334.88244614044,25996.512419648614,16256.842406605501
-5.128,8.2038,16.5821,0.011,17.56,2884.031503126606,43267.28547113032,41450.15267187929,41259.82229294113,657.4914349299291,32082.05521120338,54329.29853193968,32347.08046009092,20665.03740476183
-5.0479,8.2037,16.0966,0.011,17.3597,3019.9517204020162,50326.83848555222,46102.676005013695,49573.24556364806,810.8305430325117,36316.3490721831,59983.81694339159,39477.995099613596,25786.725410855186
-4.9677,8.2035,15.5996,0.011,17.1593,3162.2776601683795,58322.97234083158,51357.76722013703,59053.73258967433,1027.2829963168958,41310.6645979591,66117.14586026316,47458.61815669525,31920.978503293878
-4.8875,8.2033,15.0854,0.011,16.9588,3311.311214825911,67025.43619744769,57370.16969875581,69190.64085433267,1327.1808289139035,47221.76133355253,72904.46003416696,55774.423346883814,38689.774253457224
-4.8073,8.2031,14.5606,0.011,16.7583,3467.368504525317,76806.79602778124,64834.49530808621,80073.23104358831,1751.3385190990148,54840.598005600645,81027.80937578436,64511.195296275575,45944.78205268814
-4.727,8.2028,13.9961,0.011,16.5576,3630.780547701014,87683.85778855933,74481.10899703692,91152.24158067263,2429.573822902063,65064.2131256469,91015.23561749079,73288.37440472135,53019.56933132475
-4.6467,8.2025,13.3992,0.011,16.3567,3801.8939632056126,100110.5042807731,85586.67104520914,103783.27067220306,3370.7776036608566,77193.75761050628,102261.9565515898,83267.41622900488,61183.76465156621
-4.5663,8.2021,12.729,0.011,16.1557,3981.0717055349733,116723.86215031926,103106.52130526475,118502.45649049409,5279.7103781783235,96797.06336978055,118969.0785094918,95173.29138246461,69412.26173378454
-4.4858,8.2016,11.9608,0.011,15.9544,4168.693834703355,135294.34642798716,123334.94216805407,134600.71073990938,8126.997004750366,120321.20755176024,137642.98985504362,108201.950290018,78342.27801926204
-4.4051,8.2009,11.061,0.011,15.7527,4365.158322401661,157427.15572868037,148240.2485604695,153407.7686689618,12647.657597608697,150404.96809735429,159835.81421497726,123456.82073264889,88698.48371624538
-4.3242,8.2,9.9804,0.011,15.5505,4570.881896148751,188364.7567224528,185219.25563409115,178060.40347327964,21389.96626810003,195012.37966732695,191493.52677575115,143759.0151196624,101250.2713311244
-4.243,8.1988,8.6869,0.011,15.3475,4786.300923226385,225880.9725837528,232041.751263088,207055.77747633946,38848.128329236526,251502.42788112495,229548.30894283755,167723.95272247583,115738.05927082527
-4.1615,8.1973,7.3696,0.011,15.1437,5011.872336272725,275803.42116984754,296050.728780347,244437.22974106038,64063.417065657995,329141.1497519695,280591.23314715753,198717.03053268947,133941.81996435465
-4.0796,8.1954,6.1009,0.0111,14.939,5248.074602497728,332858.0478285563,373168.9901307397,284778.21653849125,99400.71593818428,424503.81210227194,338854.69739837653,232281.43562312116,152832.46171027987
-3.9976,8.1935,5.0404,0.0111,14.7341,5495.408738576249,407060.59377963777,475231.8586713757,336191.5286291572,149303.33628299145,551571.2164893912,414165.1100883999,275077.14078767097,176789.1502927178
-3.9158,8.1916,4.2512,0.0111,14.5295,5754.399373371566,492559.91061199724,598336.5696724281,392090.90266250685,215114.4143209063,708796.5493869657,499865.8994518265,321584.05086524657,202160.17667455543
-3.8341,8.1899,3.5983,0.0111,14.3252,6025.595860743575,592187.2624471365,745530.7264461967,455058.01270278945,300351.2975139927,898672.79474443,598761.007472743,374157.5400153388,230322.0983116122
-3.7526,8.1885,3.1015,0.0112,14.1216,6309.57344480193,694111.0751432709,904139.5341298715,514702.97453380184,403496.17736609216,1107774.8647760425,698077.150182096,424135.29441383266,255944.33455733967
-3.6714,8.1872,2.7262,0.0112,13.9184,6606.934480075957,822221.7748704627,1105389.8170049186,589001.876083694,539758.418509135,1373572.2454949678,821605.6604878221,486389.74952538486,288021.9064393426
-3.5902,8.186,2.3961,0.0112,13.7154,6918.309709189362,968253.2736463328,1339292.5699460208,671052.7772611922,705991.4226291721,1684734.6451437445,960778.8245237466,555372.5543358834,323017.1051366261
-3.509,8.1848,2.1057,0.0112,13.5125,7244.359600749898,1134982.0000450392,1610035.5278120341,762494.434527446,903149.04007584,2046875.8727839848,1118467.6381345056,632797.0032164255,361664.1993697188
-3.4278,8.1836,1.845,0.0112,13.3095,7585.775750291836,1325162.0010039627,1922540.3323265833,864403.8212685372,1133755.54639834,2467467.873511066,1296532.5449267896,719356.9001717783,404227.1882098743
-3.3466,8.1824,1.617,0.0112,13.1066,7943.282347242814,1542939.7723879353,2284312.2013123394,978400.5273293295,1399972.2416556603,2957818.403953321,1499213.287449493,816853.950565188,451466.4902652844
-3.2654,8.1812,1.4116,0.0113,12.9035,8317.63771102671,1760792.3081479259,2654817.1705293437,1086015.0318079116,1675091.685792179,3467134.3062234903,1698801.285930109,910130.2979781111,494612.0345080621
-3.1842,8.18,1.2334,0.0113,12.7004,8709.635899560806,2041494.1152462075,3130074.0920380815,1224942.876549719,2017244.6997337185,4121835.5937020774,1955521.4364861662,1030916.6934811191,550838.9972960311
-3.1029,8.1787,1.0865,0.0113,12.4972,9120.108393559096,2361718.504448593,3678193.8834668417,1378592.261973651,2407457.2449217797,4883494.0760054095,2246066.3482299927,1165583.9863542235,612159.6204304446
-3.0215,8.1773,0.9632,0.0113,12.2938,9549.92586021436,2725386.7010205793,4307989.318997354,1547518.4534061905,2851796.8373228456,5765150.714193658,2573372.0582366325,1314448.4909174927,678491.9183546748
-2.9402,8.176,0.8536,0.0113,12.0905,10000.0,3130603.975253417,5020126.002700706,1728684.8920694331,3357674.427442386,6769095.873420273,2935368.173137611,1475107.163794825,748487.7192087532
-2.8588,8.1746,0.7557,0.0113,11.887,10471.285480508985,3565398.9510361482,5797418.043609776,1916001.4635173115,3927521.6077228114,7870651.178837878,3319728.6082298104,1640981.073748341,819642.8958927433
-2.7772,8.173,0.6682,0.0114,11.6831,10964.78196143185,3949074.4073627805,6507614.260144181,2067964.222197132,4484414.698030305,8887054.623343479,3651655.216134598,1776031.8770850925,874524.2634232733
-2.6956,8.1714,0.5899,0.0114,11.479,11481.536214968817,4408545.390609715,7359050.8212682195,2252905.7360632066,5179236.793742751,10100848.319402916,4048459.1860475335,1938432.8294694712,942870.0991560752
-2.6139,8.1697,0.5199,0.0114,11.2747,12022.644346174131,4874558.835669342,8237241.562763041,2434574.2304217815,5929058.93595389,11358418.064142987,4445593.669630122,2096866.3796532312,1009280.455597417
-2.5321,8.1679,0.4573,0.0114,11.0703,12589.254117941662,5314413.1820018375,9078661.051068177,2600057.908983813,6664779.21923307,12571811.17806183,4815149.386702932,2240014.1226283503,1069084.082340196
-2.4504,8.1662,0.4014,0.0115,10.8659,13182.567385564074,5577368.488509709,9607177.708367143,2686068.245806181,7166709.309324014,13350326.020680826,5026015.080144311,2312622.668992024,1097655.0639440848
-2.3685,8.1643,0.3514,0.0115,10.6613,13803.842646028837,5971856.160129612,10378051.562478015,2830851.205809519,7889323.949130038,14469444.938270543,5349876.878430021,2434808.327249062,1149915.3870582045
-2.2866,8.1624,0.3067,0.0115,10.4564,14454.39770745928,6466500.844627574,11347908.467804177,3014095.7370016086,8854413.289721863,15866892.212589521,5753654.6039313525,2589552.8468848965,1216034.468873185
-2.2045,8.1603,0.2666,0.0115,10.2513,15135.612484362071,7031845.800416383,12461084.014845684,3227877.486041572,10041527.66952405,17450660.581231993,6214179.40538686,2769649.2829546817,1293200.5639267662
-2.1223,8.1582,0.2307,0.0116,10.0459,15848.93192461114,7514654.897812374,13443598.277458526,3403115.9380951724,11218104.765499122,18833523.302333336,6598777.570932066,2915711.036017606,1354770.0514879264
-2.04,8.1558,0.1984,0.0116,9.8401,16595.869074375598,8164865.610906155,14736539.969870888,3651209.4349803976,12737361.993456738,20641039.918329276,7124977.374570546,3123665.2101917304,1444859.399478765
-1.9576,8.1534,0.1693,0.0116,9.634,17378.00828749376,8863985.580354799,16140445.821710397,3917750.231865344,14434425.108152557,22588717.48341715,7689595.4044714775,3346451.0799702127,1541365.3350452818
-1.875,8.1508,0.1433,0.0117,9.4275,18197.008586099826,9457433.491701793,17364399.99213526,4132196.8275903626,16051061.047585111,24279281.40178379,8156948.954516577,3525727.4395486135,1616924.875749223
-1.7923,8.1481,0.1201,0.0117,9.2207,19054.607179632483,10265338.997019898,19004645.865840483,4435483.826197421,18132753.032539412,26536022.61918948,8803345.456088515,3779973.3298647334,1726512.9593073823
-1.7094,8.1452,0.0995,0.0117,9.0134,19952.62314968879,11145339.338774052,20795998.686684746,4763223.938605501,20456142.789105654,28997184.28995773,9503591.152179247,4054793.4438949456,1844717.3929535483
-1.6263,8.1421,0.0815,0.0118,8.8058,20892.96130854041,11899836.784031434,22378320.53798506,5031630.12724764,22662689.855358895,31154697.414037593,10091958.441170253,4279336.564045694,1938998.8496175616
-1.5431,8.1389,0.0659,0.0118,8.5978,21877.616239495517,12933051.433678001,24505721.310110644,5410890.046603755,25519458.534525756,34063050.43584537,10906752.38295767,4597232.24836606,2074615.1805024578
-1.4597,8.1355,0.0526,0.0119,8.3893,22908.676527677748,13830920.867772507,26405693.7475976,5725570.949169793,28239795.486887485,36639845.13793988,11599667.626178859,4860562.549363077,2184980.891471607
-1.3761,8.1319,0.0414,0.0119,8.1803,23988.329190194898,15059518.854608849,28963936.191332817,6169057.2508424055,31776169.777566615,40123021.397959486,12561616.927294225,5233190.403577049,2343190.7445641197
-1.2923,8.1281,0.0322,0.012,7.9708,25118.864315095823,16154835.0225929,31297454.211887438,6548023.529802803,35194352.368656635,43275795.52331469,13400992.864142807,5550063.691308619,2475250.027077836
-1.2083,8.1241,0.0249,0.012,7.7608,26302.679918953814,17669429.49004596,34478551.54868258,7086474.543230909,39722171.113625996,47591025.16511308,14575282.327872418,6002027.307647109,2665747.8888286063
-1.1241,8.12,0.0192,0.0121,7.5504,27542.28703338169,19079820.240692917,37502547.01614978,7571500.97844702,44257281.03819395,51665044.9486021,15651959.929593788,6407516.282701198,2834854.8389577954
-1.0398,8.1156,0.0147,0.0122,7.3394,28840.31503126606,20700715.56255492,40981876.80668816,8131919.337073098,49526291.40618394,56328461.67361855,16888061.68823268,6874811.547344971,3029855.416808228
-0.9552,8.111,0.0113,0.0122,7.128,30199.51720402019,22929012.865770593,45707960.50825601,8923866.44709948,56545208.35277949,62674068.92063757,18609718.6224779,7534610.348885588,3309953.591939975
-0.8705,8.1063,0.0088,0.0123,6.9162,31622.776601683792,24985888.434839044,50125795.95943703,9645005.96478738,63349799.85515748,68554714.93893498,20184093.306146916,8132989.961165056,3563291.428492899
-0.7854,8.1012,0.007,0.0124,6.7036,33113.112148259075,27103267.348048236,54674917.26175276,10390330.287499553,70390183.87557773,74611226.95569855,21808013.0164515,8750182.051101279,3825587.9930817108
-0.7002,8.096,0.0057,0.0124,6.4904,34673.685045253165,29666181.470871575,60121268.40338552,11306009.684085479,78616209.37514862,81892509.89733209,23786804.19976296,9509924.932146942,4150478.759973347
-0.6147,8.0905,0.0048,0.0125,6.2767,36307.8054770101,31725245.634295452,64549291.358151436,12028533.92546619,85486088.11155437,87786457.93412888,25358259.511545356,10106491.919477029,4404752.79703821
-0.529,8.0848,0.004,0.0126,6.0625,38018.93963205613,33719717.624987856,68847855.08200029,12728336.05859224,92183751.84451199,93503197.37052238,26883039.97233241,10685611.217558857,4651579.799093515
-0.4428,8.0787,0.0034,0.0127,5.8471,39810.71705534969,35692550.07044997,73091026.78603384,13418540.506686585,98770676.44262621,99147121.55980028,28387818.908707865,11255713.164467668,4894790.676363872
-0.3563,8.0721,0.0029,0.0128,5.6308,41686.93834703355,37656944.65346352,77319950.18111125,14107588.525003204,105345388.89194734,104777398.90436551,29884055.11706655,11826072.02878658,5137615.83429791
-0.2696,8.0654,0.0025,0.0129,5.414,43651.58322401656,39617366.09874479,81540258.55712837,14794261.905988289,111896383.26454519,110404844.80429566,31379068.51390401,12393701.684872404,5379750.634283579
-0.1825,8.0583,0.0022,0.013,5.1962,45708.818961487515,41608141.21459403,85827171.49192601,15490520.785669712,118551967.34343912,116113000.41520265,32898247.488977022,12971008.815721622,5625677.881160314
-0.0949,8.0507,0.0019,0.0131,4.9772,47863.0092322638,43667912.15994629,90250353.88534132,16212505.339668142,125398655.09503348,122007059.66631062,34469650.24239851,13568063.510635579,5880293.112609143
-0.0069,8.0427,0.0016,0.0132,4.7572,50118.72336272725,45632804.129747964,94476466.60623412,16901484.87207247,131925153.32629259,127649668.05408801,35967612.081571676,14139452.611512132,6123979.1529571945
0.0816,8.0343,0.0014,0.0134,4.5361,52480.74602497723,47112421.043076314,97710651.29338357,17407769.4695802,137121600.35202724,131934372.38692789,37082573.93580396,14556295.466087786,6301036.121920575
0.1706,8.0252,0.0012,0.0135,4.3135,54954.08738576248,49403473.22951129,102622825.49610844,18212316.39212954,144693137.20364517,138490510.197351,38832194.212370485,15223444.284854857,6585579.9881274095
0.2605,8.0153,0.001,0.0137,4.0886,57543.993733715666,51123889.21101554,106362949.126662,18804924.284253657,150617118.83446223,143471757.34244323,40132695.84658987,15711560.598496696,6792355.870247244
0.3513,8.0045,0.0008,0.0139,3.8618,60255.95860743581,52990182.938325405,110408346.11389944,19450157.52259517,156995017.47642934,148859978.41642532,41544149.03017594,16246164.958294882,7019593.538288051
0.4428,7.9931,0.0007,0.014,3.6331,63095.7344480193,55812175.08831911,116448911.53366886,20442624.53317571,166226170.07296106,156917536.30452657,43700197.19164459,17068854.948099826,7370984.444405643
0.535,7.9808,0.0006,0.0143,3.4026,66069.34480075965,57225941.21689598,119563723.0461467,20919950.303726554,171302379.27952695,161040636.07984972,44757662.085986316,17464187.450179465,7536843.390876245
0.6281,7.9677,0.0005,0.0145,3.1698,69183.09709189362,59660792.07243718,124811757.99854238,21767909.288129322,179448348.39726985,168047303.33982006,46610468.000172704,18165378.63568665,7835118.36186754
0.7219,7.9539,0.0004,0.0147,2.9353,72443.59600749906,62308938.09878458,130519930.94194321,22692275.833504733,188278530.71669257,175651912.47624913,48625580.44313601,18931533.29625129,8161066.121134603
0.8162,7.9397,0.0003,0.015,2.6996,75857.75750291836,64310591.08300889,134861810.8094161,23376000.362734783,195187927.10924172,181445012.13423005,50127604.37218066,19496557.773329303,8399995.393899566
0.9107,7.9251,0.0002,0.0152,2.4632,79432.82347242821,67337632.55249508,141378812.31076658,24431242.111630335,205242971.6843772,190125503.11555395,52433915.777418174,20372920.16017434,8772722.46422581
-5.4626,8.357,17.753,0.0098,18.3964,2511.88643150958,27242.87062494064,31305.406931083122,22172.80165429691,400.2979063237733,23864.668212901674,40813.826752567016,15761.890559959136,9520.273271955106
-5.3825,8.3569,17.3704,0.0098,18.1962,2630.2679918953813,32110.928826470554,34822.45240287587,27635.07019489401,474.4859080022894,26673.21716131815,45512.14628244606,20430.938086897473,12518.993520291442
-5.3024,8.3569,16.9855,0.0098,17.9961,2754.2287033381663,37817.50456184483,38809.616695965844,34136.62427127628,575.6298657661096,29999.59562894611,50695.25555138131,26069.236243588482,16172.211583700788
-5.2224,8.3568,16.5958,0.0098,17.7959,2884.031503126606,44190.90217587928,42987.21934748375,41635.19203019436,700.1374663728649,33604.34237328652,55981.85907455303,32569.291240445837,20627.633886516025
-5.1423,8.3567,16.2023,0.0098,17.5958,3019.9517204020162,51334.917446883715,47658.38852502082,50079.56779009996,860.4057788333597,37815.98358773599,61694.62327483344,39833.48532818783,25823.16169531735
-5.0622,8.3566,15.806,0.0098,17.3956,3162.2776601683795,59677.808698684945,53262.23095402129,59860.53197494252,1082.289184831003,43079.97085479338,68291.60452043758,48098.14283565313,32027.970118367317
-4.9822,8.3565,15.4054,0.0098,17.1954,3311.311214825911,68658.27185902385,59448.28816149603,70329.99265473924,1387.724700932012,49117.40352693422,75322.94929914366,56729.41534410181,38959.1447658134
-4.902,8.3564,14.993,0.0098,16.995,3467.368504525317,78852.0280913938,67189.18194936561,81692.19626309286,1826.010702320169,56984.32402174609,83769.76876733164,65894.36963162551,46491.05640301512
-4.8218,8.3562,14.5479,0.0098,16.7946,3630.780547701014,90035.31077374575,76803.20675272585,93321.25530710274,2482.809043567908,67129.80734488592,93809.60701832498,75115.28298654518,54036.77411676421
-4.7416,8.356,14.0546,0.0098,16.5941,3801.8939632056126,102814.14492219914,88360.74185461317,106194.14485779729,3443.3670443640326,79732.50353735512,105498.75065869144,85319.50118881665,62254.30866596825
-4.6614,8.3557,13.509,0.0098,16.3934,3981.0717055349733,125931.06260788575,112227.51675517367,127192.22718582286,6092.8897349309955,106904.35579623713,128294.28675211448,102142.9290983098,74509.11665630572
-4.581,8.3554,12.8879,0.0098,16.1925,4168.693834703355,136073.28455056637,123259.20249131348,136025.57551604544,7568.038254077369,119838.23411085039,138486.46086151258,109276.8852585723,79449.17916929057
-4.5006,8.3549,12.1658,0.0098,15.9914,4365.158322401661,161425.77048043287,152327.86440664172,156928.0477783618,12574.864633020012,154282.04998343554,164303.68982463924,126382.89744032949,90433.5156607033
-4.42,8.3544,11.2897,0.0099,15.7899,4570.881896148751,188223.84035933454,185183.00006829342,177747.0224162703,20606.540207271853,194938.29488735425,191685.41914439254,143545.6611469852,100904.64918602874
-4.3392,8.3536,10.2735,0.0099,15.5881,4786.300923226385,224612.86640503275,230781.56580948143,205779.60736882067,37764.616675750745,250113.5169182537,228512.03548520769,166720.909161962,114918.82499555586
-4.2582,8.3526,9.1173,0.0099,15.3856,5011.872336272725,274305.5723666861,294687.0936986444,242796.45097631187,62368.46864730799,328078.0409589193,279298.80583000835,197419.51012516423,132895.77582292087
-4.177,8.3513,7.8565,0.0099,15.1824,5248.074602497728,335517.07742579666,376253.99131089065,286815.3128373989,98538.30347905656,428525.9861358659,341687.4902439832,233964.55606139134,153826.50642580778
-4.0955,8.3499,6.6515,0.0099,14.9789,5495.408738576249,408841.1772385722,477178.7724760543,337599.9193823036,148253.54292313854,554290.1524993866,416091.72496445465,276229.50802032376,177480.71793626988
-4.0141,8.3485,5.6716,0.0099,14.7753,5754.399373371566,494942.3660835956,601286.032582649,393806.00499947765,214884.49536006435,712749.8966360351,502422.4984378015,323050.24141148553,202969.68458889477
-3.9328,8.3472,4.9113,0.0099,14.5721,6025.595860743575,594339.5486849541,748033.6168633051,456711.90693567385,300279.08291418455,901772.8651422836,601047.892699601,375517.40398948605,231074.05032436395
-3.8517,8.3461,4.3212,0.01,14.3693,6309.57344480193,694424.4753029707,904131.301126711,515172.5607196985,402267.98493501573,1107356.7370324912,698585.340674042,424483.15357371315,256107.06906713336
-3.7707,8.3451,3.8281,0.01,14.1669,6606.934480075957,821835.7313022118,1104463.8479621098,588942.2666067465,538512.104913906,1371916.0982306947,821446.8489906528,486340.5248289255,287939.71206562116
-3.6899,8.3442,3.3686,0.01,13.9646,6918.309709189362,966551.5449379475,1336938.7306384328,670120.2216045376,705335.0570864308,1680999.3758784647,959355.2753816961,554600.7583838459,322508.79755248147
-3.609,8.3434,2.9542,0.01,13.7624,7244.359600749898,1131318.8394645858,1605282.6240929505,760173.4958277596,903806.5200619086,2039705.9003295044,1114960.4646718055,630754.6474455679,360496.92619847925
-3.5281,8.3425,2.5683,0.01,13.5603,7585.775750291836,1318818.465602764,1914218.4808983635,860265.9300242977,1135835.5831160855,2455203.8259963477,1290326.0584056505,715847.4118667495,402329.2114486364
-3.4472,8.3416,2.226,0.01,13.3581,7943.282347242814,1533151.3132356731,2270865.983484611,972283.069618799,1403445.2339387431,2937430.1770951296,1489427.8424939539,811671.8030364503,448685.0156667708
-3.3663,8.3407,1.9061,0.01,13.1558,8317.63771102671,1778054.2983079336,2682078.6237900555,1096964.8796116924,1710154.9823802358,3497901.3107248675,1715139.5754075404,919137.4445865325,499783.0994420893
-3.2854,8.3398,1.6301,0.01,12.9535,8709.635899560806,2057524.5192357067,3156396.1488773264,1235585.2734471215,2059849.4032123778,4149612.5856978865,1970876.758063088,1039586.088199713,555931.8628375267
-3.2044,8.3388,1.4213,0.01,12.7511,9120.108393559096,2376977.2183537683,3703663.3573977184,1389289.404140936,2458982.681352293,4906903.895890104,2260577.8506614333,1174195.6283292286,617421.2405653282
-3.1234,8.3378,1.2594,0.01,12.5486,9549.92586021436,2738955.7714636386,4330634.235234219,1558090.6573059743,2912563.95160243,5780528.572476662,2586422.4902544594,1323062.8011560796,683945.609548564
-3.0424,8.3368,1.115,0.0101,12.3461,10000.0,3082210.330942614,4943434.193680008,1706200.1502924315,3361961.3970268485,6646680.522981828,2890524.9370876285,1455518.4388323107,739841.7212568801
-2.9614,8.3358,0.9863,0.0101,12.1435,10471.285480508985,3510930.8171111527,5708851.645640035,1892125.6619699048,3934347.5565477624,7726179.693388324,3269916.9346583993,1620532.3740965591,810697.471452617
-2.8802,8.3346,0.872,0.0101,11.9406,10964.78196143185,3959699.8923689937,6524522.862330903,2080223.3929094425,4573753.158885193,8880651.031432034,3663504.425194463,1786889.5604037507,881249.3678482207
-2.799,8.3334,0.7704,0.0101,11.7376,11481.536214968817,4422443.282027555,7380210.639664908,2267931.723357364,5285337.471364909,10092640.515716394,4063841.1203910955,1951900.6628411834,950821.1169069492
-2.7178,8.3321,0.6798,0.0101,11.5344,12022.644346174131,4895333.362923549,8270061.84434243,2454426.1868041535,6063351.177329555,11358599.967566438,4468242.349750505,2114743.562271475,1019104.7327378945
-2.6364,8.3308,0.5991,0.0101,11.3311,12589.254117941662,5359722.0943318,9157749.448291268,2631418.816489434,6864876.402190059,12626552.959381081,4860228.865875329,2268285.473796113,1083275.2442512268
-2.5551,8.3295,0.5271,0.0101,11.1278,13182.567385564074,5757345.22691384,9927245.389850404,2778625.2368658814,7573083.100805963,13735510.48082884,5191546.167433441,2394515.8248518393,1136105.9085012232
-2.4738,8.3281,0.4629,0.0102,10.9244,13803.842646028837,6005437.835935685,10437371.971232796,2856750.946326059,8095340.612755421,14482622.4347102,5386902.616386319,2459575.2577966535,1161398.3976303635
-2.3923,8.3267,0.4057,0.0102,10.7208,14454.39770745928,6455719.852622324,11322730.260240605,3021289.7681608354,8972534.284801006,15757496.113118092,5754122.779854028,2598604.077619392,1220509.6639828149
-2.3108,8.3252,0.3547,0.0102,10.517,15135.612484362071,6994950.987693287,12388854.752976507,3221605.6623003734,10098924.525021689,17279342.32679889,6193542.534848512,2767834.482473833,1292472.2355694005
-2.2292,8.3236,0.3093,0.0102,10.3131,15848.93192461114,7593896.537302697,13577854.838605143,3447564.3399518603,11436025.800422996,18955149.264198475,6680040.945541564,2958421.9467116287,1374109.121448378
-2.1475,8.3219,0.2688,0.0102,10.1088,16595.869074375598,8240331.358700914,14870006.600728065,3693451.324763001,12956124.912757397,20759037.272589482,7203426.421874314,3164463.681079581,1462922.1733238613
-2.0658,8.3201,0.2326,0.0103,9.9044,17378.00828749376,8763358.325137246,15951335.716407456,3880415.8874199046,14373449.93496868,22256306.97464184,7613511.685080358,3319449.070076533,1528224.3548397813
-1.9839,8.3183,0.2002,0.0103,9.6998,18197.008586099826,9497965.110625906,17437212.310046896,4157174.685309122,16230093.456476193,24307097.486635726,8203988.040942548,3551943.179161768,1628197.623889806
-1.9019,8.3163,0.1713,0.0103,9.4948,19054.607179632483,10293203.758993039,19049213.76738842,4454492.930553807,18297890.343169313,26527303.29146227,8838631.31557755,3801071.2438559355,1735350.1458076176
-1.8198,8.3142,0.1454,0.0103,9.2896,19952.62314968879,11155025.56496193,20812155.17931526,4774833.959971535,20600654.60011398,28944969.933719967,9524123.507079529,4069546.4481279687,1850576.8142489418
-1.7377,8.312,0.1225,0.0104,9.0841,20892.96130854041,11862011.500191813,22305133.464983106,5022570.5386959845,22722116.981405545,30975681.74781085,10071004.486333087,4276749.177370705,1936934.2890741192
-1.6553,8.3097,0.102,0.0104,8.8783,21877.616239495517,12865845.763401894,24376133.8660459,5389718.026698978,25527529.774398673,33804994.81008664,10862074.806608766,4584730.167398733,2068401.7066178925
-1.5729,8.3072,0.0838,0.0104,8.6722,22908.676527677748,13964916.418452788,26661515.142906766,5788500.096179432,28668752.24006344,36913130.120207354,11726078.289362341,4919418.619015128,2210624.034263237
-1.4902,8.3046,0.0678,0.0104,8.4656,23988.329190194898,15177433.571965262,29188032.841067564,6224809.209558312,32193544.232721433,40347894.222638786,12671638.928433497,5285837.169257271,2365891.845753885
-1.4075,8.3018,0.0538,0.0105,8.2587,25118.864315095823,16206395.052319413,31397343.667104542,6575580.899985002,35485985.59106872,43326035.78221973,13454912.254816366,5579584.523580838,2487499.3039277256
-1.3245,8.2989,0.0417,0.0105,8.0513,26302.679918953814,17686684.189689945,34515399.67273148,7100584.912320972,39955527.7938696,47545449.10942815,14602959.135386616,6020074.433121842,2673270.881577122
-1.2414,8.2958,0.0314,0.0106,7.8436,27542.28703338169,19011364.511903286,37371434.9959593,7550591.814454397,44297961.3085966,51380203.69337095,15605861.112334698,6396298.581736397,2829110.0110764704
-1.1582,8.2925,0.023,0.0106,7.6354,28840.31503126606,20922486.138968952,41424738.38057617,8225096.328585801,50283296.24695428,56837611.82494984,17079994.932490803,6960632.878767539,3067113.4148691585
-1.0747,8.2891,0.0164,0.0106,7.4268,30199.51720402019,23104325.20325129,46061680.04561458,8998725.266916795,57198381.4234464,63054461.58723769,18764099.944825783,7605516.775306542,3340795.0653889896
-0.9911,8.2855,0.0116,0.0107,7.2177,31622.776601683792,25036721.82024632,50227776.07959536,9672643.201246558,63695377.319761276,68593031.45274888,20236337.441054773,8163058.403983377,3575806.5096037034
-0.9074,8.2817,0.0085,0.0107,7.0084,33113.112148259075,27497769.297458317,55470738.70890959,10550308.721324218,71618944.24026603,75599686.8951702,22139709.222345747,8892275.381659841,3887353.2786569833
-0.8236,8.2779,0.0064,0.0108,6.7989,34673.685045253165,29429135.755099744,59640873.27347043,11223936.796767404,78160613.3984821,81125995.89908557,23607606.471714668,9446978.960642083,4123006.837784596
-0.7397,8.274,0.005,0.0108,6.5891,36307.8054770101,31846191.944324024,64795372.93919616,12083290.382622395,86001882.77526623,88015678.49694113,25469003.732384622,10159982.224879103,4428065.690791218
-0.6556,8.27,0.0041,0.0109,6.379,38018.93963205613,33624204.89547425,68646517.33666916,12701637.897232503,92083639.11310907,93135351.14567101,26819240.335798334,10669092.077377528,4644388.811399746
-0.5713,8.2657,0.0034,0.0109,6.1684,39810.71705534969,35989185.96094884,73691688.72158054,13538786.122040603,99756791.90010934,99869886.50073528,28636930.93785798,11363901.566531401,4941838.746439432
-0.4869,8.2613,0.0028,0.011,5.9572,41686.93834703355,37677289.2291535,77361723.12879144,14124313.650455585,105557743.96780837,104747141.92674622,29916728.332040068,11847728.37368434,5147024.0283448575
-0.4023,8.2567,0.0024,0.0111,5.7457,43651.58322401656,39338614.65416283,80959076.82175936,14699642.268866839,111262678.9215875,109527101.46697176,31172634.715355515,12321242.3960382,5348298.134055875
-0.3174,8.2518,0.002,0.0111,5.5335,45708.818961487515,41734869.68425027,86088580.57631682,15549154.035854217,119066479.39763093,116370150.13393117,33013647.547068235,13026102.809123777,5649572.788986684
-0.2322,8.2466,0.0017,0.0112,5.3206,47863.0092322638,43433914.69015231,89766741.24135165,16136029.459678035,124887630.17683816,121263893.09551948,34300734.71857768,13511526.388825592,5855790.364097875
-0.1468,8.2412,0.0015,0.0113,5.107,50118.72336272725,44993329.530141234,93135364.3445438,16673847.93682817,130208274.2913332,125756564.70583014,35479915.84566884,13955441.22973664,6044281.452002174
-0.0611,8.2355,0.0013,0.0113,4.8928,52480.74602497723,47558498.23756866,98617642.85196954,17582306.09267518,138560226.00215867,133073219.84933078,37447478.58291195,14709014.366499074,6367144.103187797
0.025,8.2294,0.0011,0.0114,4.6776,54954.08738576248,49387303.71926854,102579789.17461413,18216419.576303538,144779064.9191265,138343210.33658075,38830212.331008226,15232484.905677965,6589490.911993128
0.1114,8.2229,0.0009,0.0115,4.4614,57543.993733715666,51299051.900366195,106717544.56409116,18878046.118937332,151258500.0103408,143857288.91830614,40281328.67981244,15781372.77123707,6822536.775470188
0.1983,8.2161,0.0008,0.0116,4.2443,60255.95860743581,53307589.02773455,111059452.04301348,19573872.044597108,158051816.49064797,149627553.05922806,41804543.90613898,16358537.754532043,7067496.263835936
0.2855,8.2089,0.0007,0.0117,4.0263,63095.7344480193,55423416.767360285,115627139.38575958,20309582.694356896,165174783.60597217,155709757.6300166,43411795.1028577,16965580.94615064,7325712.026083707
0.3732,8.2012,0.0006,0.0118,3.807,66069.34480075965,57674123.72026597,120477928.10120068,21091560.29509859,172739419.3412746,162197269.03299242,45120661.01584045,17613937.236812085,7601469.39726145
0.4614,8.193,0.0005,0.0119,3.5866,69183.09709189362,60074628.878940165,125665939.38314967,21928998.641707726,180809625.73393884,169103902.2092216,46946751.36931453,18308237.44679785,7896009.155758213
0.5499,8.1845,0.0004,0.0121,3.3652,72443.59600749906,61604761.23731651,129021107.11208704,22444089.031916123,186253622.99519122,173554872.77905574,48089330.11605763,18733102.891206715,8074038.675520857
0.6388,8.1756,0.0003,0.0122,3.143,75857.75750291836,64296207.66191509,134831648.21595034,23381537.307245303,195252142.75773025,181304210.85005406,50139477.82185328,19510158.507160004,8404306.929591447
0.7282,8.1662,0.0003,0.0123,2.9196,79432.82347242821,67176101.513379,141026679.97614032,24381616.75946874,204844943.0566905,189582099.86025593,52322591.38099334,20340903.349006817,8758129.109889098
-5.562,8.5093,15.3826,0.0087,18.6451,2511.88643150958,27495.809746948744,31897.232176543912,22155.125689918044,431.3571138947303,24742.811524439436,41185.17946738675,15721.78865629938,9453.29173651532
-5.482,8.5093,15.2236,0.0087,18.445,2630.2679918953813,32337.505389456743,35490.572055628625,27506.429385443404,508.9521634148708,27601.268824985455,45977.03521712909,20279.719973546362,12363.546335182065
-5.402,8.5092,15.0512,0.0087,18.2449,2754.2287033381663,38101.88958081308,39587.03723508061,34037.23069584733,609.1397837189089,30983.39808098123,51312.23868874077,25916.834408470444,16018.544822394231
-5.3219,8.5092,14.859,0.0087,18.0447,2884.031503126606,44650.51928621251,44022.327421563736,41617.33038484795,740.4179942123375,34783.160998740954,56935.21471315723,32486.427412999223,20446.69227198809
-5.2418,8.5091,14.6502,0.0087,17.8446,3019.9517204020162,51935.762734933094,48904.9703106686,50131.906176709366,904.8924501926952,39138.93887119828,62942.06147409491,39816.39662141958,25599.003562586186
-5.1618,8.509,14.4226,0.0087,17.6444,3162.2776601683795,60409.67706488009,54620.16397378548,60044.6362483057,1131.2457608458892,44455.86315834496,69723.78624636594,48228.300015270834,31829.004879085358
-5.0817,8.509,14.1681,0.0087,17.4442,3311.311214825911,69769.64514231244,61126.9884087118,70898.03821576967,1445.8291109437366,50770.22019202655,77150.89398202041,57219.222710895774,38902.997098642874
-5.0016,8.5089,13.8738,0.0087,17.2439,3467.368504525317,80084.13961778293,68914.87925872004,82420.30516812656,1882.248521909509,58615.03747134404,85707.92142589175,66555.19402902092,46505.36537301682
-4.9214,8.5087,13.5489,0.0087,17.0436,3630.780547701014,91551.72131034773,78935.61547534366,94205.05733028082,2568.484591867154,69190.91071184502,96157.01272368526,75931.49555562586,54028.51871776771
-4.8413,8.5086,13.185,0.0087,16.8433,3801.8939632056126,104661.3938151913,90430.0976042131,107684.75348818064,3504.9107606504176,81674.9819101439,107870.07055496443,86628.73125724735,62768.689406532394
-4.7611,8.5084,12.7743,0.0087,16.6428,3981.0717055349733,119924.11276442948,105728.72611493155,121897.33705286623,5034.043508480788,98912.0144792284,122704.63355215358,97962.9723612338,71295.65459269287
-4.6809,8.5082,12.3053,0.0087,16.4423,4168.693834703355,138620.19776491966,125948.50000332808,138201.965058148,7615.123741477319,122452.89215118003,141468.89548312602,111117.37005047359,80438.33282808604
-4.6006,8.5079,11.7447,0.0088,16.2415,4365.158322401661,160036.7322481924,151170.19055798298,155434.48520004054,12107.936251080908,153264.7241521693,163235.31578608468,125214.64161229365,89432.67514443972
-4.5202,8.5075,11.0581,0.0088,16.0405,4570.881896148751,191011.57035409877,188289.5252977134,179915.00247739445,20401.877036150447,197770.81712003547,194883.0750558886,145363.4141905907,101834.80162680596
-4.4397,8.507,10.2446,0.0088,15.8393,4786.300923226385,228044.53817238606,234631.415430121,208289.50081005428,34618.64981864906,255153.89825550714,232666.64300150625,168801.03875025405,115978.16196786675
-4.3591,8.5063,9.2719,0.0088,15.6376,5011.872336272725,274068.8484564529,294243.0140204008,242542.2371847985,60621.98122407631,327764.722124109,279237.74599727156,197212.80709476388,132707.73037033324
-4.2782,8.5055,8.1821,0.0088,15.4356,5248.074602497728,335721.9021087968,376449.01101666066,286831.85338016914,96798.83393422536,429143.17292855005,342085.0727802652,233999.59988590083,153736.22818099422
-4.1972,8.5045,7.0345,0.0088,15.233,5495.408738576249,407924.3921303168,476064.8979855426,336687.79944133334,146120.15549805152,553505.8405681315,415235.16333343985,275483.1972895299,176919.71118553937
-4.1161,8.5034,6.061,0.0088,15.0303,5754.399373371566,493923.483431254,600048.2320836858,392778.20325207384,212907.09079733762,711741.3666352524,501434.39895928436,322207.10647091665,202365.382269684
-4.0351,8.5024,5.3478,0.0088,14.8278,6025.595860743575,592460.8741849014,745669.1238991462,455184.4100226686,298201.707374606,899088.0137817932,599258.3908030455,374261.46634769725,230237.58526482334
-3.9542,8.5015,4.7646,0.0088,14.6256,6309.57344480193,705634.2868298973,918303.3328448277,523633.44686411886,407295.98194568075,1124610.6913207322,710123.8904796654,431534.0953102995,260289.24382804683
-3.8735,8.5007,4.2074,0.0088,14.4236,6606.934480075957,834564.0540329615,1121053.039533069,598339.0935060245,545544.429640865,1392137.742588737,834476.524728282,494100.2968559099,292480.0321077304
-3.7928,8.5,3.73,0.0088,14.2219,6918.309709189362,980707.9029578392,1356145.104403636,680122.8705357629,715599.6602579603,1704677.4173594208,973675.2342645739,562930.9343721364,327292.6268250976
-3.7121,8.4993,3.3129,0.0088,14.0202,7244.359600749898,1147254.2495506431,1627594.3010724394,771236.1520757216,917804.37953107,2067103.4313227362,1130873.7511672543,639874.959122495,365675.80130105827
-3.6314,8.4987,2.9537,0.0088,13.8184,7585.775750291836,1334810.6867522562,1938144.5330828829,870777.8616120532,1156192.4410169101,2484518.3455143613,1305972.7756902352,724527.9015766325,407245.4321181964
-3.5507,8.498,2.6305,0.0089,13.6167,7943.282347242814,1514694.3521186558,2244768.1490557864,960755.125733127,1397962.2907521222,2900998.7315206267,1471497.2497741156,801900.429018056,443405.9869471342
-3.47,8.4973,2.3343,0.0089,13.4149,8317.63771102671,1754062.2663628312,2647594.629882482,1082661.5419617195,1704886.4405817464,3448796.2601860403,1691996.4781901725,906902.1799461375,493357.2932768993
-3.3893,8.4966,2.0607,0.0089,13.2132,8709.635899560806,2027145.8939748744,3111512.0809131684,1218127.3944609058,2054827.9135831285,4083828.9068230013,1941419.8008115275,1024520.0117850791,548278.9251877768
-3.3085,8.4958,1.7862,0.0089,13.0113,9120.108393559096,2338218.035483976,3645285.025425098,1368272.851914389,2453214.1257626866,4820227.531194224,2223716.685300382,1156006.9519200963,608473.3374566118
-3.2277,8.495,1.5428,0.0089,12.8093,9549.92586021436,2691070.069971075,4257272.912676603,1533390.2947199782,2906266.6393187162,5669014.12262276,2541437.62234032,1301608.7091286848,673785.3325976327
-3.147,8.4943,1.3299,0.0089,12.6074,10000.0,3086917.3808376044,4951895.7321265815,1712587.2646761402,3422436.9551059734,6640297.526734592,2895205.8974132864,1460563.5085982122,743569.4748682689
-3.0661,8.4934,1.1701,0.0089,12.4054,10471.285480508985,3517588.283509364,5720203.660133307,1900783.7485253434,4006595.1107321633,7718049.132069073,3277022.737589368,1627797.7574069505,815608.1423108532
-2.9853,8.4926,1.0462,0.0089,12.2032,10964.78196143185,3969766.898147832,6540508.155631747,2091475.1562707457,4660316.9766534725,8873757.14573199,3674171.7593180137,1796720.1807513123,887567.829896122
-2.9044,8.4916,0.9315,0.0089,12.0009,11481.536214968817,4436137.573766863,7402381.9732178105,2282299.8943331554,5387849.509204757,10088521.849157136,4079054.000350507,1964809.48422102,958432.5457293472
-2.8234,8.4907,0.8267,0.0089,11.7985,12022.644346174131,4915016.793455595,8302549.843826017,2472935.05054953,6190068.524503406,11360240.847286021,4489515.287519355,2131475.9945236873,1028398.7799452497
-2.7424,8.4897,0.7334,0.0089,11.596,12589.254117941662,5396162.332446217,9220012.111282807,2658598.2231028886,7041342.293133045,12662152.475124096,4896879.922783631,2292558.6018816764,1095977.2839819405
-2.6614,8.4887,0.6504,0.0089,11.3935,13182.567385564074,5839356.712064965,10077933.575019203,2824182.1914419793,7852635.819641007,13885052.90695579,5267438.2700152965,2435569.04554284,1155477.658646629
-2.5804,8.4877,0.5765,0.009,11.1909,13803.842646028837,6065966.401166918,10551312.503610145,2892462.2829671046,8353537.972805966,14576140.079962587,5445709.234917084,2492845.943852004,1176783.4369994819
-2.4993,8.4866,0.5097,0.009,10.9883,14454.39770745928,6470532.165590027,11347664.46844475,3039958.8477824745,9151039.94594752,15719637.734201398,5776894.670273172,2617311.6618169164,1229522.6882871652
-2.4182,8.4855,0.4485,0.009,10.7854,15135.612484362071,6976217.310061752,12348849.164392278,3224539.523987323,10200711.177148916,17149147.404495254,6187774.083323371,2773674.1578136487,1295557.065518394
-2.337,8.4843,0.3939,0.009,10.5825,15848.93192461114,7556836.057272802,13505369.972294975,3440865.561381883,11489746.612156034,18782895.11219683,6659083.32355351,2956211.0787790045,1373082.231489055
-2.2557,8.483,0.3456,0.009,10.3793,16595.869074375598,8191812.446388164,14775646.284697784,3679829.5667589866,12984656.08047665,20559025.883899637,7172233.9804789955,3157151.6283869045,1459273.0002728393
-2.1744,8.4817,0.3028,0.009,10.1761,17378.00828749376,8875237.845925206,16150519.108639756,3937927.3943788903,14665958.479164617,22465833.366690803,7722082.713197525,3373614.388146722,1552303.1799387885
-2.0931,8.4804,0.2647,0.009,9.9727,18197.008586099826,9610367.61235401,17637071.923299853,4213739.705961507,16537522.61640878,24515600.371906694,8311022.329625443,3604918.4136669766,1651872.5910992702
-2.0116,8.4789,0.2298,0.009,9.769,19054.607179632483,10402554.516328596,19249811.71393724,4509700.54425659,18613603.18420391,26732682.065870486,8944054.752426453,3853145.7782710954,1758314.4579384285
-1.9301,8.4773,0.1983,0.0091,9.5651,19952.62314968879,11013928.040724823,20547014.15814277,4721390.684337731,20465986.596533913,28499993.932693083,9415788.254663981,4029560.442459395,1831550.00969016
-1.8484,8.4757,0.1704,0.0091,9.3611,20892.96130854041,11924007.340089416,22419644.413179904,5056266.297612974,22978024.351984754,31057376.545175515,10135768.515050113,4310599.502639306,1951545.9499871228
-1.7667,8.474,0.1457,0.0091,9.1568,21877.616239495517,12915232.677000288,24471958.088223126,5417886.950314593,25772270.761660032,33853592.91391885,10915827.98710167,4613788.417775784,2080744.6247844212
-1.685,8.4722,0.1238,0.0091,8.9524,22908.676527677748,13996589.79484381,26719524.19278676,5809114.5283271335,28887681.381408952,36908361.66000447,11763503.42829625,4942397.536334717,2220131.9222435644
-1.6031,8.4703,0.1037,0.0091,8.7476,23988.329190194898,15186658.764219983,29208464.071997467,6235480.692227457,32382672.32911724,40283274.667967685,12691024.525513314,5300754.301841618,2371913.142005388
-1.521,8.4683,0.0856,0.0092,8.5426,25118.864315095823,16148395.024701392,31287859.313617073,6559293.569687427,35541832.45885368,43083591.307367526,13417877.213321304,5571405.959769428,2483166.904345329
-1.4389,8.4662,0.0695,0.0092,8.3372,26302.679918953814,17589332.742289856,34325419.228703886,7068008.591646268,39930046.4420877,47192381.882629015,14531947.270275244,5998529.5749188205,2662967.777055041
-1.3567,8.464,0.0554,0.0092,8.1317,27542.28703338169,19229560.77848472,37803834.231871165,7644992.58905197,45017338.510977186,51879035.99289826,15798061.979767354,6482832.555927729,2866592.1770169334
-1.2743,8.4616,0.0431,0.0092,7.9259,28840.31503126606,21115888.721619755,41815360.96647749,8309541.645461485,50968260.91632025,57262710.0032674,17250584.44121548,7037927.754602758,3100601.2039983086
-1.1919,8.4592,0.0325,0.0093,7.7197,30199.51720402019,22762456.153328083,45384296.48594634,8872925.321800807,56575652.68577946,62018556.69972509,18498374.64576395,7506103.733285599,3296216.0438941345
-1.1092,8.4565,0.0232,0.0093,7.513,31622.776601683792,25057579.806932747,50274250.84305792,9689621.802122304,63966055.8462873,68555397.7785335,20268124.853600103,8184168.494823208,3584723.5495636207
-1.0264,8.4536,0.0159,0.0093,7.3059,33113.112148259075,27447267.96025034,55368863.30038402,10538694.77045455,71685211.82670526,75349722.12951744,22107191.38076626,8889033.89058584,3885578.334697616
-0.9434,8.4507,0.0106,0.0093,7.0985,34673.685045253165,29841395.064085037,60470785.18013207,11389556.840821719,79452866.97571202,82164015.3568637,23949341.17838352,9593444.380496763,4186544.086552307
-0.8604,8.4477,0.0073,0.0094,6.8909,36307.8054770101,31518773.705773044,64129196.370547466,11967874.221277868,85298179.61627394,87014543.27622999,25218761.870850705,10069426.864447778,4388194.39959911
-0.7774,8.4446,0.0053,0.0094,6.6834,38018.93963205613,33797868.52056376,68994710.64772968,12775473.817423446,92729893.88666427,93512968.80637704,26970174.77548301,10738033.435580997,4674399.844237451
-0.6943,8.4416,0.004,0.0094,6.4757,39810.71705534969,36051995.82849963,73820298.61048524,13572411.42988479,100096700.68348575,99942876.52020118,28700123.187619872,11398422.53118501,4956850.935667811
-0.6111,8.4384,0.0032,0.0095,6.2678,41686.93834703355,37505746.0551899,76995313.96499908,14067778.21553701,105222413.59360419,104145459.77590394,29788748.476297963,11806828.325801166,5129255.767411121
-0.5278,8.4351,0.0026,0.0095,6.0596,43651.58322401656,39724442.299669676,81753112.15490791,14852019.57182876,112509257.71827522,110499507.3108311,31492871.232868116,12455846.528243585,5406725.929400746
-0.4445,8.4318,0.0021,0.0096,5.8512,45708.818961487515,41103854.84641121,84771338.15426323,15322522.133333504,117406733.1448177,114515714.23166795,32526475.15177103,12842157.532725502,5570306.5967398845
-0.361,8.4283,0.0018,0.0096,5.6424,47863.0092322638,43363322.77884291,89604338.64991248,16118709.095079198,124811040.55273262,120966491.92291455,34254450.252869934,13501996.560954614,5852199.193521613
-0.2773,8.4246,0.0015,0.0096,5.4333,50118.72336272725,45499073.50810634,94182245.07430366,16872143.378695533,131805339.4478752,127076453.57422674,35888640.07400912,14127912.388048053,6118980.933446398
-0.1935,8.4208,0.0013,0.0097,5.2237,52480.74602497723,46877187.874692135,97204872.79977208,17338409.458815146,136701097.5551628,131082309.25244702,36921216.29098788,14512993.160129115,6282291.69655198
-0.1095,8.4167,0.0011,0.0097,5.0136,54954.08738576248,49276692.60752059,102350044.61135569,18183992.973816395,144587917.11741444,137931698.33809933,38757521.75666551,15213775.052400973,6581397.130256527
-0.0251,8.4124,0.001,0.0098,4.8029,57543.993733715666,50733271.448275365,105530829.89381038,18678438.726091642,149714311.91004992,142152794.22305664,39848072.29452693,15621700.517797448,6753507.937681181
0.0594,8.4079,0.0009,0.0098,4.5915,60255.95860743581,53305603.91406037,111045088.21437733,19583962.643870156,158162426.28031114,149511776.15634957,41814539.34084246,16371493.790920662,7073093.7530580005
0.1441,8.4032,0.0007,0.0099,4.3798,63095.7344480193,54867431.503953956,114456672.43269226,20115106.404950067,163638345.87301874,154048389.7332657,42988181.99451857,16810865.36236106,7258906.072524743
0.2289,8.3984,0.0006,0.0099,4.1677,66069.34480075965,57628143.66029193,120370791.32967871,21084452.794864208,172713021.0533203,161963503.6479511,45097148.14691923,17616112.288739182,7601007.776160654
0.3141,8.3931,0.0006,0.01,3.9546,69183.09709189362,59350587.09459594,124139932.47757405,21672685.23077241,178729182.9459148,166973500.57980582,46393748.94603738,18100912.08807428,7806593.506902919
0.3997,8.3876,0.0005,0.01,3.7409,72443.59600749906,62400061.73415941,130674697.92374651,22742213.03619503,188762391.09394345,175698297.07588938,48719123.68803758,18988928.495146256,8184300.484917379
0.4855,8.3818,0.0004,0.0101,3.5262,75857.75750291836,64349069.57019033,134917646.65550402,23405071.698676717,195484677.63099036,181336322.7658596,50185322.628873385,19538792.0858381,8416641.292924017
0.5717,8.3756,0.0004,0.0102,3.3107,79432.82347242821,66420887.74143987,139415532.31579676,24114173.422696933,202635310.62668794,187329946.31932104,51743895.900817275,20125195.857300755,8663656.45257777
-5.6731,8.6661,14.5421,0.0077,18.9227,2511.88643150958,27097.14710250189,31638.07523633312,21681.597262121046,458.49438316033684,24970.434641294243,40461.130939886476,15370.181954377615,9253.800143071147
-5.593,8.666,14.3209,0.0077,18.7224,2630.2679918953813,32104.32690568861,35609.84263608982,27030.325349267932,544.9717870985054,28169.951667664995,45679.15039410275,19904.854565652808,12057.023730465964
-5.5129,8.6659,14.0998,0.0077,18.5222,2754.2287033381663,37736.669562126124,39614.12380009866,33404.98438614244,643.241446160371,31441.70595633569,50914.09372385256,25383.938609936224,15653.091203391921
-5.4328,8.6658,13.8786,0.0077,18.322,2884.031503126606,44320.389557031885,44210.97111365474,40923.358961180034,772.847879489767,35359.49890850053,56754.20148868449,31882.987490671145,19985.73458955905
-5.3527,8.6657,13.6575,0.0077,18.1217,3019.9517204020162,51684.88674962958,49227.757717869936,49459.676687128565,945.222431808599,39798.44483006672,62950.33095157694,39242.711605946504,25093.435024674593
-5.2726,8.6656,13.4363,0.0077,17.9215,3162.2776601683795,60128.94293068588,54990.80211290968,59277.690255620255,1172.557151101521,45076.075937100926,69842.21715580468,47572.83234253362,31197.523152255897
-5.1925,8.6656,13.2152,0.0077,17.7213,3311.311214825911,69663.22389556913,61763.23774853018,70211.98851137402,1485.1626532119128,51578.190498232165,77638.6576018573,56681.1964279068,38187.40223063983
-5.1124,8.6655,12.994,0.0077,17.521,3467.368504525317,80116.79529274727,69632.19001741169,81901.39011088447,1921.5603095690312,59454.68764962014,86345.16379442357,66203.20407777926,45831.08256006414
-5.0323,8.6654,12.7763,0.0077,17.3208,3630.780547701014,91800.187660195,79493.21365760748,94174.05547157423,2580.2038544025436,69763.15319347486,96738.2034394273,76018.44975214286,53732.87962559121
-4.9522,8.6652,12.5365,0.0077,17.1205,3801.8939632056126,105167.98887556112,91430.2809916357,107738.58641815357,3540.739856527694,82707.73010019674,108882.48338887599,86791.86262174917,62430.97474356479
-4.8721,8.6651,12.2638,0.0077,16.9202,3981.0717055349733,120304.96995955452,106505.01416825537,121913.35221443391,4986.2496595210405,99656.60818178221,123560.0335878635,98084.18973618359,70957.795697668
-4.7919,8.665,11.9467,0.0077,16.7198,4168.693834703355,140024.35118286012,128070.77997969871,138883.6984240506,7705.734114678941,124608.05059722254,143482.19690479522,111840.47650979325,80293.44942094151
-4.7117,8.6647,11.5411,0.0077,16.5193,4365.158322401661,163005.99196328415,154031.680799664,158230.8908138725,11910.610419260305,155835.39345921655,166647.19870584062,127526.07958103174,90857.36044257002
-4.6314,8.6645,11.0645,0.0077,16.3186,4570.881896148751,194465.94974787562,191694.6774308888,183185.57544689946,19907.376018789,201718.67269617354,198809.90495401004,148060.43083008841,103600.08594300908
-4.5511,8.6641,10.4536,0.0077,16.1177,4786.300923226385,230379.36081505872,236859.0889481843,210577.16432690376,35675.82456807732,257102.38291184235,235092.09040927893,170686.43541762547,117284.36360823743
-4.4706,8.6636,9.6915,0.0077,15.9165,5011.872336272725,278409.1914166546,298985.45027546654,246179.15298252166,59732.957717556565,333385.03542005527,283999.7891969154,200188.44622008674,134561.28186860285
-4.3901,8.6631,8.8429,0.0077,15.7151,5248.074602497728,340066.2786916001,381285.2934958252,290383.0570923861,95960.83529863656,435097.0130372905,346703.3337662436,236896.69878889716,155553.61761590643
-4.3093,8.6624,7.8581,0.0077,15.5133,5495.408738576249,412746.6613460532,481781.42793551995,340479.73878975055,145765.25599052059,560720.070848348,420298.67190318403,278585.821077393,178846.36418394712
-4.2285,8.6615,6.9187,0.0077,15.3112,5754.399373371566,499854.45712408354,607309.471668555,397311.62570219755,213547.26798833095,721017.9916363438,507595.7973479788,325926.0015571765,204606.8247429431
-4.1477,8.6607,6.1839,0.0077,15.1092,6025.595860743575,599078.272786274,753997.7579618919,460141.3614133398,300202.3030383034,909632.7787980321,606063.3439095421,378337.1680967849,232659.13852595238
-4.067,8.66,5.6146,0.0077,14.9074,6309.57344480193,712924.548073891,927534.4618677867,529189.5665544077,410104.01360709115,1135811.0822925484,717658.8051304846,436072.81037102715,262954.2022831128
-3.9864,8.6594,5.1078,0.0077,14.7059,6606.934480075957,842720.5200059017,1131592.4846704581,604520.8343674956,549406.7864492292,1404837.533325657,843020.2710522738,499251.0751055497,295447.3613840334
-3.9058,8.6588,4.6342,0.0078,14.5044,6918.309709189362,964619.0045272674,1333405.6758815586,669211.6889378536,703341.5345312741,1675630.8471658,957878.1409506057,553848.8441903704,321982.56861987506
-3.8252,8.6583,4.1795,0.0078,14.303,7244.359600749898,1126667.622396565,1598830.0397640266,757327.1353539684,904661.8256675475,2030197.7719155487,1110581.0599153088,628277.1336764921,359080.94598813396
-3.7447,8.6577,3.7482,0.0078,14.1017,7585.775750291836,1310375.64918253,1903015.385327756,854916.1436145466,1140266.2355960952,2437913.806105018,1282065.6447721662,711264.6975350023,399790.3993313992
-3.6641,8.6572,3.3391,0.0078,13.9003,7943.282347242814,1518853.2470163375,2251968.4379437068,963393.0702034051,1412557.9203922702,2908160.3356634867,1475265.7594007156,803954.0988341485,444623.44636007556
-3.5836,8.6566,2.9646,0.0078,13.6989,8317.63771102671,1756450.0910203822,2652664.341694624,1084235.2384319857,1724273.940531229,3451265.3148332983,1693831.7243262755,908053.1174317446,494210.94660576916
-3.503,8.656,2.6328,0.0078,13.4974,8709.635899560806,2026729.6169464889,3112879.4285980724,1218550.4602647186,2079343.622073247,4079607.173932246,1940842.3613271953,1024687.0644113731,548721.9846673666
-3.4224,8.6554,2.3464,0.0078,13.2959,9120.108393559096,2334940.4774461435,3642187.4992411886,1367613.937408959,2483626.3830940644,4806825.393678602,2220190.615720304,1155024.6523804502,608572.5517890654
-3.3417,8.6548,2.0945,0.0078,13.0943,9549.92586021436,2684576.684087782,4248565.317075709,1531805.124432661,2943650.633796075,5645967.148132184,2535071.7908186517,1299903.9209448975,673771.0716965673
-3.2611,8.6541,1.862,0.0078,12.8927,10000.0,3077200.6390842786,4938127.504976413,1710501.7311554626,3466779.8578374484,6604779.857470456,2886092.609120384,1458381.8600004783,743622.2239454621
-3.1804,8.6535,1.6462,0.0078,12.691,10471.285480508985,3507484.9317338727,5704824.642874842,1900043.3869622098,4060750.1088886205,7676059.753786477,3267911.319282501,1626864.0177611262,816492.8023624814
-3.0997,8.6528,1.4465,0.0078,12.4893,10964.78196143185,3962742.146649302,6528934.31624867,2093550.870144945,4726354.19387925,8831172.070049535,3668345.753982823,1798669.0168227067,889758.9406258814
-3.019,8.652,1.2511,0.0078,12.2874,11481.536214968817,4432776.287494566,7396091.910348843,2287512.7219271082,5468223.596500003,10047507.67973095,4077089.664183629,1969659.9474732922,962126.907619705
-2.9382,8.6512,1.0776,0.0078,12.0854,12022.644346174131,4916270.993636137,8303138.829599931,2481552.788253284,6290515.903030229,11321353.38835943,4493143.2261752635,2139691.9547594665,1033790.080433721
-2.8574,8.6504,0.9347,0.0078,11.8834,12589.254117941662,5408487.296390642,9241070.839660132,2674013.023148424,7178707.607067667,12642074.543903923,4911229.880167874,2306700.733552899,1103957.516119919
-2.7766,8.6496,0.8282,0.0078,11.6814,13182.567385564074,5885126.656927582,10161604.774380827,2853931.323113526,8074697.558833336,13944994.483952807,5310681.580666727,2462585.1357866414,1169048.0468438459
-2.6958,8.6488,0.7384,0.0078,11.4794,13803.842646028837,6286310.291918768,10946676.893061664,3002226.942425296,8851283.775705224,15061157.385290826,5644042.334820019,2589591.457379079,1222003.2491709716
-2.6149,8.648,0.6555,0.0079,11.2773,14454.39770745928,6499064.344596905,11400852.376039386,3062094.1575405835,9370899.65528654,15723650.055028005,5807179.970147322,2639041.845167163,1239616.6002920836
-2.534,8.6471,0.5804,0.0079,11.0751,15135.612484362071,6960025.595978196,12316783.914847743,3229226.745992453,10331926.010631422,17029165.632032685,6183085.976437551,2780777.728850246,1299353.6880399797
-2.4531,8.6462,0.514,0.0079,10.8728,15848.93192461114,7514339.915994403,13422002.712435046,3432563.189663119,11555301.656636976,18593166.98106979,6632622.58551304,2952611.2933042813,1371662.8722593475
-2.3722,8.6452,0.455,0.0079,10.6704,16595.869074375598,8135248.748941962,14666865.93458592,3663857.21940151,13010718.70537271,20334493.98346134,7134528.636274851,3147793.8064831863,1454679.7171981263
-2.2911,8.6442,0.4021,0.0079,10.4679,17378.00828749376,8809897.11824372,16025711.576734586,3916864.4371763594,14673755.804649495,22218430.105735905,7676535.9030393325,3360208.8903871956,1545850.1179974994
-2.2101,8.6431,0.354,0.0079,10.2652,18197.008586099826,9535222.61418791,17495941.674657796,4188885.9962083767,16529559.77836883,24245624.209559232,8257437.314049995,3588279.6038433695,1643793.9718004381
-2.1289,8.642,0.3104,0.0079,10.0623,19054.607179632483,10316463.28131069,19086984.56239581,4479799.127763568,18589225.14423724,26430986.30153048,8881478.840231784,3832536.296049909,1748587.5563468577
-2.0477,8.6408,0.2718,0.0079,9.8593,19952.62314968879,11159656.750875376,20815043.472147316,4791357.108976149,20874750.213115558,28794753.80152403,9550921.717296338,4094550.921382656,1860404.5090995475
-1.9665,8.6395,0.2374,0.0079,9.6562,20892.96130854041,12071766.786876699,22695372.866710387,5126471.42387469,23408915.148409225,31358362.023481198,10272716.087416813,4375687.280971613,1980465.9656704622
-1.8852,8.6382,0.2068,0.0079,9.4529,21877.616239495517,13065644.480803672,24754680.319284342,5488056.083495732,26228973.083315168,34162793.01060031,11055166.440171216,4679573.5387417525,2109829.6118971016
-1.8038,8.6368,0.1789,0.008,9.2494,22908.676527677748,13800189.351189077,26344595.264910355,5733934.788611986,28645439.90317869,36306767.00777513,11609125.176616209,4884279.240230734,2193620.984782614
-1.7223,8.6353,0.1535,0.008,9.0456,23988.329190194898,14958396.656342717,28769448.111973435,6149116.900313341,32069744.212777995,39593835.84816488,12511791.369653203,5233599.498078515,2341000.9613658227
-1.6407,8.6337,0.131,0.008,8.8417,25118.864315095823,16245199.36045328,31475419.776023407,6605911.474831036,35939786.761991985,43250146.03532396,13510751.122485608,5617207.734008873,2502889.0139946747
-1.559,8.6321,0.111,0.008,8.6376,26302.679918953814,17683370.461146977,34515290.328190625,7112999.0297334185,40351110.92870817,47353008.692785904,14621754.71020436,6043388.100745422,2682140.920294423
-1.4773,8.6303,0.0933,0.008,8.4332,27542.28703338169,19309233.98933273,37963962.07211073,7683741.566489183,45420874.9679265,51993323.38768716,15873748.459204921,6522295.710410004,2883510.864234688
-1.3955,8.6285,0.0775,0.008,8.2287,28840.31503126606,21181906.436189122,41949958.04741723,8342433.4232729105,51354144.17438779,57346587.31371165,17315677.71738578,7072948.324907822,3115455.784868472
-1.3135,8.6265,0.0631,0.008,8.0238,30199.51720402019,23304782.031840988,46474158.07489249,9092697.63474333,58158807.89421722,63402674.52939446,18949575.871155526,7697691.202608253,3380349.3989115944
-1.2314,8.6245,0.0503,0.0081,7.8186,31622.776601683792,24976695.635315344,50116584.65956933,9665463.51236716,63977229.94007541,68239763.72294453,20213868.22881819,8170533.6199166225,3578751.3781446298
-1.1492,8.6223,0.039,0.0081,7.6131,33113.112148259075,27300775.36754542,55073346.51701076,10491140.075669829,71513071.62818524,74850984.07470606,22001355.085250676,8854630.05917092,3870539.717045607
-1.0669,8.62,0.0293,0.0081,7.4074,34673.685045253165,29616585.116840158,60020756.791687615,11313127.60397126,79050647.6242571,81454956.19078249,23784248.308555465,9535213.493709376,4161515.6123548546
-0.9845,8.6176,0.021,0.0081,7.2013,36307.8054770101,31904723.234983325,64908484.17712712,12122234.630271701,86517792.9698001,87966540.86997627,25539325.91286457,10205879.147751821,4448069.130264558
-0.9019,8.6149,0.0141,0.0082,6.9947,38018.93963205613,33336293.767561074,68046187.89834231,12609126.990769004,91632126.48275821,92133983.2296087,26611647.57048367,10605050.827954939,4616510.85701251
-0.819,8.6121,0.0089,0.0082,6.7876,39810.71705534969,35533444.98341127,72751809.56594408,13385821.16978469,98820663.44186592,98405607.6479993,28297740.736149162,11248969.891016847,4891858.217839658
-0.7361,8.6091,0.0056,0.0082,6.5803,41686.93834703355,37722226.16542286,77439724.6435665,14159405.477928365,105995582.34631278,104659787.21299484,29974487.288867015,11890298.413634786,5165993.569782134
-0.6532,8.6063,0.0037,0.0082,6.3731,43651.58322401656,39916946.74118903,82134156.24845588,14933617.33755978,113189923.19758667,110922550.61423054,31654230.702579223,12530048.567163423,5439435.8749721255
-0.5704,8.6035,0.0027,0.0083,6.166,45708.818961487515,41110128.52951302,84776468.24631469,15331919.795011336,117565334.87781744,114417213.66545305,32540429.679970566,12857137.08237335,5577317.6669080965
-0.4876,8.6006,0.0021,0.0083,5.959,47863.0092322638,43294111.82836463,89453084.4329205,16101878.256309498,124749635.47200769,120662235.56860703,34212379.69642801,13495353.789729336,5849320.003008433
-0.4047,8.5977,0.0017,0.0083,5.7518,50118.72336272725,45334500.45798888,93832939.15727505,16820408.493577737,131461712.46700838,126500245.23528022,35772005.04077435,14091079.79916964,6103590.400073975
-0.3217,8.5947,0.0014,0.0083,5.5442,52480.74602497723,47589247.16835363,98681404.05525744,17613129.92350313,138918244.09398395,132975419.0011939,37495856.918472506,14748378.4871557,6384183.792079995
-0.2385,8.5916,0.0012,0.0084,5.3364,54954.08738576248,48737859.002822824,101212215.77660684,17995095.314386655,143125460.78801084,136335507.80022305,38344307.24476165,15062667.416750006,6515428.660306311
-0.1553,8.5883,0.001,0.0084,5.1283,57543.993733715666,51081829.97702426,106246084.20496881,18818896.395236675,150867918.28876817,143050368.22948182,40136629.16640586,15744971.794909427,6806800.058312695
-0.072,8.585,0.0009,0.0084,4.92,60255.95860743581,53518809.872406274,111478966.21863359,19669537.63895824,158912074.77173987,150026846.28976825,41997254.099023774,16452120.69872188,7107927.573672063
0.0115,8.5815,0.0008,0.0085,4.7112,63095.7344480193,54745341.33404269,114191467.28753987,20079591.442359015,163379521.0483796,153634835.86093628,42904378.629288845,16787367.879283305,7248759.895101625
0.0953,8.5778,0.0007,0.0085,4.5019,66069.34480075965,57346533.13593652,119771545.44131108,20989151.002675597,171979870.89110267,161082996.8403498,44889174.26093527,17544565.11713805,7570136.571505008
0.1792,8.5738,0.0006,0.0085,4.292,69183.09709189362,60076852.02171654,125647442.5748221,21945974.589650735,181032945.8791965,168907798.22254825,46974440.561009,18337604.750193994,7907946.356195504
0.2633,8.5697,0.0005,0.0086,4.0818,72443.59600749906,61487681.40528287,128752183.31979845,22417946.115909837,186088085.36919165,173033682.1731178,48020045.314141594,18725074.601691063,8070578.452170527
0.3476,8.5654,0.0004,0.0086,3.8709,75857.75750291836,64450770.97560399,135118433.73497325,23452860.53318631,195901863.64273402,181522577.5391726,50278529.29018991,19585901.07490765,8436157.194622982
0.4322,8.5608,0.0004,0.0087,3.6594,79432.82347242821,66036875.11122893,138596735.03482696,23983591.486060005,201538009.43253908,186161147.35983428,51458955.02862772,20023590.448797215,8619122.650642235
